home_code	home_team	home_color	home_hex	away_code	away_team	away_color	away_hex
ANA	Anaheim Ducks	Ducks Orange	#F47A38	BOS	Boston Bruins	Bruins Gold	#FFB81C
ANA	Anaheim Ducks	Ducks Orange	#F47A38	BUF	Buffalo Sabres	Sabres Royal	#003087
ANA	Anaheim Ducks	Ducks Orange	#F47A38	CAR	Carolina Hurricanes	Hurricanes Red	#CC0000
ANA	Anaheim Ducks	Ducks Orange	#F47A38	CBJ	Columbus Blue Jackets	Union Blue	#002654
ANA	Anaheim Ducks	Ducks Orange	#F47A38	CGY	Calgary Flames	Flames Red	#C8102E
ANA	Anaheim Ducks	Ducks Orange	#F47A38	CHI	Chicago Blackhawks	Blackhawks Red	#CF0A2C
ANA	Anaheim Ducks	Ducks Orange	#F47A38	COL	Colorado Avalanche	Burgundy	#6F263D
ANA	Anaheim Ducks	Ducks Orange	#F47A38	DAL	Dallas Stars	Victory Green	#006847
ANA	Anaheim Ducks	Ducks Orange	#F47A38	DET	Detroit Red Wings	Wings Red	#CE1126
ANA	Anaheim Ducks	Ducks Orange	#F47A38	EDM	Edmonton Oilers	Oilers Orange	#FF4C00
ANA	Anaheim Ducks	Ducks Orange	#F47A38	FLA	Florida Panthers	Panthers Red	#C8102E
ANA	Anaheim Ducks	Ducks Orange	#F47A38	LAK	Los Angeles Kings	Kings Black	#111111
ANA	Anaheim Ducks	Ducks Orange	#F47A38	MIN	Minnesota Wild	Forest Green	#154734
ANA	Anaheim Ducks	Ducks Orange	#F47A38	MTL	Montreal Canadiens	Habs Red	#AF1E2D
ANA	Anaheim Ducks	Ducks Orange	#F47A38	NJD	New Jersey Devils	Devils Red	#CE1126
ANA	Anaheim Ducks	Ducks Orange	#F47A38	NSH	Nashville Predators	Preds Gold	#FFB81C
ANA	Anaheim Ducks	Ducks Orange	#F47A38	NYI	New York Islanders	Isles Royal	#00539B
ANA	Anaheim Ducks	Ducks Orange	#F47A38	NYR	New York Rangers	Rangers Blue	#0038A8
ANA	Anaheim Ducks	Ducks Orange	#F47A38	OTT	Ottawa Senators	Sens Red	#C52032
ANA	Anaheim Ducks	Ducks Orange	#F47A38	PHI	Philadelphia Flyers	Black	#000000
ANA	Anaheim Ducks	Ducks Orange	#F47A38	PIT	Pittsburgh Penguins	Vegas Gold	#FCB514
ANA	Anaheim Ducks	Ducks Orange	#F47A38	SEA	Seattle Kraken	Ice Blue	#99D9D9
ANA	Anaheim Ducks	Ducks Orange	#F47A38	SJS	San Jose Sharks	Sharks Teal	#006D75
ANA	Anaheim Ducks	Ducks Orange	#F47A38	STL	St. Louis Blues	Blues Blue	#002F87
ANA	Anaheim Ducks	Ducks Orange	#F47A38	TBL	Tampa Bay Lightning	Bolts Blue	#002868
ANA	Anaheim Ducks	Ducks Orange	#F47A38	TOR	Toronto Maple Leafs	Leafs Blue	#00205B
ANA	Anaheim Ducks	Ducks Orange	#F47A38	UTA	Utah Mammoth	Mountain Blue	#7AB2E0
ANA	Anaheim Ducks	Ducks Orange	#F47A38	VAN	Vancouver Canucks	Canucks Blue	#00205B
ANA	Anaheim Ducks	Ducks Orange	#F47A38	VGK	Vegas Golden Knights	Knights Gold	#B4975A
ANA	Anaheim Ducks	Ducks Orange	#F47A38	WPG	Winnipeg Jets	Jets Navy	#041E42
ANA	Anaheim Ducks	Ducks Orange	#F47A38	WSH	Washington Capitals	Caps Red	#C8102E
BOS	Boston Bruins	Bruins Gold	#FFB81C	ANA	Anaheim Ducks	Ducks Orange	#F47A38
BOS	Boston Bruins	Bruins Gold	#FFB81C	BUF	Buffalo Sabres	Sabres Royal	#003087
BOS	Boston Bruins	Bruins Gold	#FFB81C	CAR	Carolina Hurricanes	Hurricanes Red	#CC0000
BOS	Boston Bruins	Bruins Gold	#FFB81C	CBJ	Columbus Blue Jackets	Union Blue	#002654
BOS	Boston Bruins	Bruins Gold	#FFB81C	CGY	Calgary Flames	Flames Red	#C8102E
BOS	Boston Bruins	Bruins Gold	#FFB81C	CHI	Chicago Blackhawks	Blackhawks Red	#CF0A2C
BOS	Boston Bruins	Bruins Gold	#FFB81C	COL	Colorado Avalanche	Burgundy	#6F263D
BOS	Boston Bruins	Bruins Gold	#FFB81C	DAL	Dallas Stars	Victory Green	#006847
BOS	Boston Bruins	Bruins Gold	#FFB81C	DET	Detroit Red Wings	Wings Red	#CE1126
BOS	Boston Bruins	Bruins Gold	#FFB81C	EDM	Edmonton Oilers	Oilers Navy	#041E42
BOS	Boston Bruins	Bruins Gold	#FFB81C	FLA	Florida Panthers	Panthers Red	#C8102E
BOS	Boston Bruins	Bruins Gold	#FFB81C	LAK	Los Angeles Kings	Kings Black	#111111
BOS	Boston Bruins	Bruins Gold	#FFB81C	MIN	Minnesota Wild	Forest Green	#154734
BOS	Boston Bruins	Bruins Gold	#FFB81C	MTL	Montreal Canadiens	Habs Red	#AF1E2D
BOS	Boston Bruins	Bruins Gold	#FFB81C	NJD	New Jersey Devils	Devils Red	#CE1126
BOS	Boston Bruins	Bruins Gold	#FFB81C	NSH	Nashville Predators	Preds Navy	#041E42
BOS	Boston Bruins	Bruins Gold	#FFB81C	NYI	New York Islanders	Isles Orange	#F47D30
BOS	Boston Bruins	Bruins Gold	#FFB81C	NYR	New York Rangers	Rangers Blue	#0038A8
BOS	Boston Bruins	Bruins Gold	#FFB81C	OTT	Ottawa Senators	Sens Red	#C52032
BOS	Boston Bruins	Bruins Gold	#FFB81C	PHI	Philadelphia Flyers	Flyers Orange	#F74902
BOS	Boston Bruins	Bruins Gold	#FFB81C	PIT	Pittsburgh Penguins	Black	#000000
BOS	Boston Bruins	Bruins Gold	#FFB81C	SEA	Seattle Kraken	Ice Blue	#99D9D9
BOS	Boston Bruins	Bruins Gold	#FFB81C	SJS	San Jose Sharks	Sharks Teal	#006D75
BOS	Boston Bruins	Bruins Gold	#FFB81C	STL	St. Louis Blues	Blues Blue	#002F87
BOS	Boston Bruins	Bruins Gold	#FFB81C	TBL	Tampa Bay Lightning	Bolts Blue	#002868
BOS	Boston Bruins	Bruins Gold	#FFB81C	TOR	Toronto Maple Leafs	Leafs Blue	#00205B
BOS	Boston Bruins	Bruins Gold	#FFB81C	UTA	Utah Mammoth	Mountain Blue	#7AB2E0
BOS	Boston Bruins	Bruins Gold	#FFB81C	VAN	Vancouver Canucks	Canucks Blue	#00205B
BOS	Boston Bruins	Bruins Gold	#FFB81C	VGK	Vegas Golden Knights	Steel Gray	#333F42
BOS	Boston Bruins	Bruins Gold	#FFB81C	WPG	Winnipeg Jets	Jets Navy	#041E42
BOS	Boston Bruins	Bruins Gold	#FFB81C	WSH	Washington Capitals	Caps Red	#C8102E
BUF	Buffalo Sabres	Sabres Royal	#003087	ANA	Anaheim Ducks	Ducks Orange	#F47A38
BUF	Buffalo Sabres	Sabres Royal	#003087	BOS	Boston Bruins	Bruins Gold	#FFB81C
BUF	Buffalo Sabres	Sabres Royal	#003087	CAR	Carolina Hurricanes	Hurricanes Red	#CC0000
BUF	Buffalo Sabres	Sabres Royal	#003087	CBJ	Columbus Blue Jackets	Goal Red	#CE1126
BUF	Buffalo Sabres	Sabres Royal	#003087	CGY	Calgary Flames	Flames Red	#C8102E
BUF	Buffalo Sabres	Sabres Royal	#003087	CHI	Chicago Blackhawks	Blackhawks Red	#CF0A2C
BUF	Buffalo Sabres	Sabres Royal	#003087	COL	Colorado Avalanche	Burgundy	#6F263D
BUF	Buffalo Sabres	Sabres Royal	#003087	DAL	Dallas Stars	Victory Green	#006847
BUF	Buffalo Sabres	Sabres Royal	#003087	DET	Detroit Red Wings	Wings Red	#CE1126
BUF	Buffalo Sabres	Sabres Royal	#003087	EDM	Edmonton Oilers	Oilers Navy	#041E42
BUF	Buffalo Sabres	Sabres Royal	#003087	FLA	Florida Panthers	Panthers Red	#C8102E
BUF	Buffalo Sabres	Sabres Royal	#003087	LAK	Los Angeles Kings	Kings Black	#111111
BUF	Buffalo Sabres	Sabres Royal	#003087	MIN	Minnesota Wild	Forest Green	#154734
BUF	Buffalo Sabres	Sabres Royal	#003087	MTL	Montreal Canadiens	Habs Red	#AF1E2D
BUF	Buffalo Sabres	Sabres Royal	#003087	NJD	New Jersey Devils	Devils Red	#CE1126
BUF	Buffalo Sabres	Sabres Royal	#003087	NSH	Nashville Predators	Preds Gold	#FFB81C
BUF	Buffalo Sabres	Sabres Royal	#003087	NYI	New York Islanders	Isles Orange	#F47D30
BUF	Buffalo Sabres	Sabres Royal	#003087	NYR	New York Rangers	Rangers Red	#CE1126
BUF	Buffalo Sabres	Sabres Royal	#003087	OTT	Ottawa Senators	Sens Red	#C52032
BUF	Buffalo Sabres	Sabres Royal	#003087	PHI	Philadelphia Flyers	Flyers Orange	#F74902
BUF	Buffalo Sabres	Sabres Royal	#003087	PIT	Pittsburgh Penguins	Vegas Gold	#FCB514
BUF	Buffalo Sabres	Sabres Royal	#003087	SEA	Seattle Kraken	Ice Blue	#99D9D9
BUF	Buffalo Sabres	Sabres Royal	#003087	SJS	San Jose Sharks	Sharks Teal	#006D75
BUF	Buffalo Sabres	Sabres Royal	#003087	STL	St. Louis Blues	Blues Gold	#FCB514
BUF	Buffalo Sabres	Sabres Royal	#003087	TBL	Tampa Bay Lightning	White	#FFFFFF
BUF	Buffalo Sabres	Sabres Royal	#003087	TOR	Toronto Maple Leafs	White	#FFFFFF
BUF	Buffalo Sabres	Sabres Royal	#003087	UTA	Utah Mammoth	Mountain Blue	#7AB2E0
BUF	Buffalo Sabres	Sabres Royal	#003087	VAN	Vancouver Canucks	Canucks Green	#00843D
BUF	Buffalo Sabres	Sabres Royal	#003087	VGK	Vegas Golden Knights	Knights Gold	#B4975A
BUF	Buffalo Sabres	Sabres Royal	#003087	WPG	Winnipeg Jets	Jets Red	#C8102E
BUF	Buffalo Sabres	Sabres Royal	#003087	WSH	Washington Capitals	Caps Red	#C8102E
CAR	Carolina Hurricanes	Hurricanes Red	#CC0000	ANA	Anaheim Ducks	Ducks Orange	#F47A38
CAR	Carolina Hurricanes	Hurricanes Red	#CC0000	BOS	Boston Bruins	Bruins Gold	#FFB81C
CAR	Carolina Hurricanes	Hurricanes Red	#CC0000	BUF	Buffalo Sabres	Sabres Royal	#003087
CAR	Carolina Hurricanes	Hurricanes Red	#CC0000	CBJ	Columbus Blue Jackets	Union Blue	#002654
CAR	Carolina Hurricanes	Hurricanes Red	#CC0000	CGY	Calgary Flames	Flames Yellow	#F1BE48
CAR	Carolina Hurricanes	Hurricanes Red	#CC0000	CHI	Chicago Blackhawks	Black	#000000
CAR	Carolina Hurricanes	Hurricanes Red	#CC0000	COL	Colorado Avalanche	Steel Blue	#236192
CAR	Carolina Hurricanes	Hurricanes Red	#CC0000	DAL	Dallas Stars	Victory Green	#006847
CAR	Carolina Hurricanes	Hurricanes Red	#CC0000	DET	Detroit Red Wings	White	#FFFFFF
CAR	Carolina Hurricanes	Hurricanes Red	#CC0000	EDM	Edmonton Oilers	Oilers Navy	#041E42
CAR	Carolina Hurricanes	Hurricanes Red	#CC0000	FLA	Florida Panthers	Panthers Navy	#041E42
CAR	Carolina Hurricanes	Hurricanes Red	#CC0000	LAK	Los Angeles Kings	Kings Black	#111111
CAR	Carolina Hurricanes	Hurricanes Red	#CC0000	MIN	Minnesota Wild	Forest Green	#154734
CAR	Carolina Hurricanes	Hurricanes Red	#CC0000	MTL	Montreal Canadiens	Habs Blue	#192168
CAR	Carolina Hurricanes	Hurricanes Red	#CC0000	NJD	New Jersey Devils	Black	#000000
CAR	Carolina Hurricanes	Hurricanes Red	#CC0000	NSH	Nashville Predators	Preds Gold	#FFB81C
CAR	Carolina Hurricanes	Hurricanes Red	#CC0000	NYI	New York Islanders	Isles Orange	#F47D30
CAR	Carolina Hurricanes	Hurricanes Red	#CC0000	NYR	New York Rangers	Rangers Blue	#0038A8
CAR	Carolina Hurricanes	Hurricanes Red	#CC0000	OTT	Ottawa Senators	Black	#000000
CAR	Carolina Hurricanes	Hurricanes Red	#CC0000	PHI	Philadelphia Flyers	Flyers Orange	#F74902
CAR	Carolina Hurricanes	Hurricanes Red	#CC0000	PIT	Pittsburgh Penguins	Vegas Gold	#FCB514
CAR	Carolina Hurricanes	Hurricanes Red	#CC0000	SEA	Seattle Kraken	Ice Blue	#99D9D9
CAR	Carolina Hurricanes	Hurricanes Red	#CC0000	SJS	San Jose Sharks	Sharks Teal	#006D75
CAR	Carolina Hurricanes	Hurricanes Red	#CC0000	STL	St. Louis Blues	Blues Blue	#002F87
CAR	Carolina Hurricanes	Hurricanes Red	#CC0000	TBL	Tampa Bay Lightning	Bolts Blue	#002868
CAR	Carolina Hurricanes	Hurricanes Red	#CC0000	TOR	Toronto Maple Leafs	Leafs Blue	#00205B
CAR	Carolina Hurricanes	Hurricanes Red	#CC0000	UTA	Utah Mammoth	Mountain Blue	#7AB2E0
CAR	Carolina Hurricanes	Hurricanes Red	#CC0000	VAN	Vancouver Canucks	Canucks Blue	#00205B
CAR	Carolina Hurricanes	Hurricanes Red	#CC0000	VGK	Vegas Golden Knights	Knights Gold	#B4975A
CAR	Carolina Hurricanes	Hurricanes Red	#CC0000	WPG	Winnipeg Jets	Jets Navy	#041E42
CAR	Carolina Hurricanes	Hurricanes Red	#CC0000	WSH	Washington Capitals	Caps Navy	#041E42
CBJ	Columbus Blue Jackets	Union Blue	#002654	ANA	Anaheim Ducks	Ducks Orange	#F47A38
CBJ	Columbus Blue Jackets	Union Blue	#002654	BOS	Boston Bruins	Bruins Gold	#FFB81C
CBJ	Columbus Blue Jackets	Union Blue	#002654	BUF	Buffalo Sabres	Sabres Gold	#FFB81C
CBJ	Columbus Blue Jackets	Union Blue	#002654	CAR	Carolina Hurricanes	Hurricanes Red	#CC0000
CBJ	Columbus Blue Jackets	Union Blue	#002654	CGY	Calgary Flames	Flames Red	#C8102E
CBJ	Columbus Blue Jackets	Union Blue	#002654	CHI	Chicago Blackhawks	Blackhawks Red	#CF0A2C
CBJ	Columbus Blue Jackets	Union Blue	#002654	COL	Colorado Avalanche	Burgundy	#6F263D
CBJ	Columbus Blue Jackets	Union Blue	#002654	DAL	Dallas Stars	Victory Green	#006847
CBJ	Columbus Blue Jackets	Union Blue	#002654	DET	Detroit Red Wings	Wings Red	#CE1126
CBJ	Columbus Blue Jackets	Union Blue	#002654	EDM	Edmonton Oilers	Oilers Navy	#041E42
CBJ	Columbus Blue Jackets	Union Blue	#002654	FLA	Florida Panthers	Panthers Red	#C8102E
CBJ	Columbus Blue Jackets	Union Blue	#002654	LAK	Los Angeles Kings	Kings Black	#111111
CBJ	Columbus Blue Jackets	Union Blue	#002654	MIN	Minnesota Wild	Forest Green	#154734
CBJ	Columbus Blue Jackets	Union Blue	#002654	MTL	Montreal Canadiens	Habs Red	#AF1E2D
CBJ	Columbus Blue Jackets	Union Blue	#002654	NJD	New Jersey Devils	Devils Red	#CE1126
CBJ	Columbus Blue Jackets	Union Blue	#002654	NSH	Nashville Predators	Preds Gold	#FFB81C
CBJ	Columbus Blue Jackets	Union Blue	#002654	NYI	New York Islanders	Isles Orange	#F47D30
CBJ	Columbus Blue Jackets	Union Blue	#002654	NYR	New York Rangers	Rangers Red	#CE1126
CBJ	Columbus Blue Jackets	Union Blue	#002654	OTT	Ottawa Senators	Sens Red	#C52032
CBJ	Columbus Blue Jackets	Union Blue	#002654	PHI	Philadelphia Flyers	Flyers Orange	#F74902
CBJ	Columbus Blue Jackets	Union Blue	#002654	PIT	Pittsburgh Penguins	Vegas Gold	#FCB514
CBJ	Columbus Blue Jackets	Union Blue	#002654	SEA	Seattle Kraken	Ice Blue	#99D9D9
CBJ	Columbus Blue Jackets	Union Blue	#002654	SJS	San Jose Sharks	Sharks Teal	#006D75
CBJ	Columbus Blue Jackets	Union Blue	#002654	STL	St. Louis Blues	Blues Gold	#FCB514
CBJ	Columbus Blue Jackets	Union Blue	#002654	TBL	Tampa Bay Lightning	White	#FFFFFF
CBJ	Columbus Blue Jackets	Union Blue	#002654	TOR	Toronto Maple Leafs	White	#FFFFFF
CBJ	Columbus Blue Jackets	Union Blue	#002654	UTA	Utah Mammoth	Mountain Blue	#7AB2E0
CBJ	Columbus Blue Jackets	Union Blue	#002654	VAN	Vancouver Canucks	Canucks Green	#00843D
CBJ	Columbus Blue Jackets	Union Blue	#002654	VGK	Vegas Golden Knights	Knights Gold	#B4975A
CBJ	Columbus Blue Jackets	Union Blue	#002654	WPG	Winnipeg Jets	Jets Red	#C8102E
CBJ	Columbus Blue Jackets	Union Blue	#002654	WSH	Washington Capitals	Caps Red	#C8102E
CGY	Calgary Flames	Flames Red	#C8102E	ANA	Anaheim Ducks	Ducks Orange	#F47A38
CGY	Calgary Flames	Flames Red	#C8102E	BOS	Boston Bruins	Bruins Gold	#FFB81C
CGY	Calgary Flames	Flames Red	#C8102E	BUF	Buffalo Sabres	Sabres Royal	#003087
CGY	Calgary Flames	Flames Red	#C8102E	CAR	Carolina Hurricanes	Black	#000000
CGY	Calgary Flames	Flames Red	#C8102E	CBJ	Columbus Blue Jackets	Union Blue	#002654
CGY	Calgary Flames	Flames Red	#C8102E	CHI	Chicago Blackhawks	Black	#000000
CGY	Calgary Flames	Flames Red	#C8102E	COL	Colorado Avalanche	Steel Blue	#236192
CGY	Calgary Flames	Flames Red	#C8102E	DAL	Dallas Stars	Victory Green	#006847
CGY	Calgary Flames	Flames Red	#C8102E	DET	Detroit Red Wings	White	#FFFFFF
CGY	Calgary Flames	Flames Red	#C8102E	EDM	Edmonton Oilers	Oilers Navy	#041E42
CGY	Calgary Flames	Flames Red	#C8102E	FLA	Florida Panthers	Panthers Navy	#041E42
CGY	Calgary Flames	Flames Red	#C8102E	LAK	Los Angeles Kings	Kings Black	#111111
CGY	Calgary Flames	Flames Red	#C8102E	MIN	Minnesota Wild	Forest Green	#154734
CGY	Calgary Flames	Flames Red	#C8102E	MTL	Montreal Canadiens	Habs Blue	#192168
CGY	Calgary Flames	Flames Red	#C8102E	NJD	New Jersey Devils	Black	#000000
CGY	Calgary Flames	Flames Red	#C8102E	NSH	Nashville Predators	Preds Gold	#FFB81C
CGY	Calgary Flames	Flames Red	#C8102E	NYI	New York Islanders	Isles Orange	#F47D30
CGY	Calgary Flames	Flames Red	#C8102E	NYR	New York Rangers	Rangers Blue	#0038A8
CGY	Calgary Flames	Flames Red	#C8102E	OTT	Ottawa Senators	Black	#000000
CGY	Calgary Flames	Flames Red	#C8102E	PHI	Philadelphia Flyers	Flyers Orange	#F74902
CGY	Calgary Flames	Flames Red	#C8102E	PIT	Pittsburgh Penguins	Vegas Gold	#FCB514
CGY	Calgary Flames	Flames Red	#C8102E	SEA	Seattle Kraken	Ice Blue	#99D9D9
CGY	Calgary Flames	Flames Red	#C8102E	SJS	San Jose Sharks	Sharks Teal	#006D75
CGY	Calgary Flames	Flames Red	#C8102E	STL	St. Louis Blues	Blues Blue	#002F87
CGY	Calgary Flames	Flames Red	#C8102E	TBL	Tampa Bay Lightning	Bolts Blue	#002868
CGY	Calgary Flames	Flames Red	#C8102E	TOR	Toronto Maple Leafs	Leafs Blue	#00205B
CGY	Calgary Flames	Flames Red	#C8102E	UTA	Utah Mammoth	Mountain Blue	#7AB2E0
CGY	Calgary Flames	Flames Red	#C8102E	VAN	Vancouver Canucks	Canucks Blue	#00205B
CGY	Calgary Flames	Flames Red	#C8102E	VGK	Vegas Golden Knights	Knights Gold	#B4975A
CGY	Calgary Flames	Flames Red	#C8102E	WPG	Winnipeg Jets	Jets Navy	#041E42
CGY	Calgary Flames	Flames Red	#C8102E	WSH	Washington Capitals	Caps Navy	#041E42
CHI	Chicago Blackhawks	Blackhawks Red	#CF0A2C	ANA	Anaheim Ducks	Ducks Orange	#F47A38
CHI	Chicago Blackhawks	Blackhawks Red	#CF0A2C	BOS	Boston Bruins	Bruins Gold	#FFB81C
CHI	Chicago Blackhawks	Blackhawks Red	#CF0A2C	BUF	Buffalo Sabres	Sabres Royal	#003087
CHI	Chicago Blackhawks	Blackhawks Red	#CF0A2C	CAR	Carolina Hurricanes	Black	#000000
CHI	Chicago Blackhawks	Blackhawks Red	#CF0A2C	CBJ	Columbus Blue Jackets	Union Blue	#002654
CHI	Chicago Blackhawks	Blackhawks Red	#CF0A2C	CGY	Calgary Flames	Flames Yellow	#F1BE48
CHI	Chicago Blackhawks	Blackhawks Red	#CF0A2C	COL	Colorado Avalanche	Steel Blue	#236192
CHI	Chicago Blackhawks	Blackhawks Red	#CF0A2C	DAL	Dallas Stars	Victory Green	#006847
CHI	Chicago Blackhawks	Blackhawks Red	#CF0A2C	DET	Detroit Red Wings	White	#FFFFFF
CHI	Chicago Blackhawks	Blackhawks Red	#CF0A2C	EDM	Edmonton Oilers	Oilers Navy	#041E42
CHI	Chicago Blackhawks	Blackhawks Red	#CF0A2C	FLA	Florida Panthers	Panthers Navy	#041E42
CHI	Chicago Blackhawks	Blackhawks Red	#CF0A2C	LAK	Los Angeles Kings	Kings Black	#111111
CHI	Chicago Blackhawks	Blackhawks Red	#CF0A2C	MIN	Minnesota Wild	Forest Green	#154734
CHI	Chicago Blackhawks	Blackhawks Red	#CF0A2C	MTL	Montreal Canadiens	Habs Blue	#192168
CHI	Chicago Blackhawks	Blackhawks Red	#CF0A2C	NJD	New Jersey Devils	Black	#000000
CHI	Chicago Blackhawks	Blackhawks Red	#CF0A2C	NSH	Nashville Predators	Preds Gold	#FFB81C
CHI	Chicago Blackhawks	Blackhawks Red	#CF0A2C	NYI	New York Islanders	Isles Orange	#F47D30
CHI	Chicago Blackhawks	Blackhawks Red	#CF0A2C	NYR	New York Rangers	Rangers Blue	#0038A8
CHI	Chicago Blackhawks	Blackhawks Red	#CF0A2C	OTT	Ottawa Senators	Black	#000000
CHI	Chicago Blackhawks	Blackhawks Red	#CF0A2C	PHI	Philadelphia Flyers	Flyers Orange	#F74902
CHI	Chicago Blackhawks	Blackhawks Red	#CF0A2C	PIT	Pittsburgh Penguins	Vegas Gold	#FCB514
CHI	Chicago Blackhawks	Blackhawks Red	#CF0A2C	SEA	Seattle Kraken	Ice Blue	#99D9D9
CHI	Chicago Blackhawks	Blackhawks Red	#CF0A2C	SJS	San Jose Sharks	Sharks Teal	#006D75
CHI	Chicago Blackhawks	Blackhawks Red	#CF0A2C	STL	St. Louis Blues	Blues Blue	#002F87
CHI	Chicago Blackhawks	Blackhawks Red	#CF0A2C	TBL	Tampa Bay Lightning	Bolts Blue	#002868
CHI	Chicago Blackhawks	Blackhawks Red	#CF0A2C	TOR	Toronto Maple Leafs	Leafs Blue	#00205B
CHI	Chicago Blackhawks	Blackhawks Red	#CF0A2C	UTA	Utah Mammoth	Mountain Blue	#7AB2E0
CHI	Chicago Blackhawks	Blackhawks Red	#CF0A2C	VAN	Vancouver Canucks	Canucks Blue	#00205B
CHI	Chicago Blackhawks	Blackhawks Red	#CF0A2C	VGK	Vegas Golden Knights	Knights Gold	#B4975A
CHI	Chicago Blackhawks	Blackhawks Red	#CF0A2C	WPG	Winnipeg Jets	Jets Navy	#041E42
CHI	Chicago Blackhawks	Blackhawks Red	#CF0A2C	WSH	Washington Capitals	Caps Navy	#041E42
COL	Colorado Avalanche	Burgundy	#6F263D	ANA	Anaheim Ducks	Ducks Orange	#F47A38
COL	Colorado Avalanche	Burgundy	#6F263D	BOS	Boston Bruins	Bruins Gold	#FFB81C
COL	Colorado Avalanche	Burgundy	#6F263D	BUF	Buffalo Sabres	Sabres Royal	#003087
COL	Colorado Avalanche	Burgundy	#6F263D	CAR	Carolina Hurricanes	Black	#000000
COL	Colorado Avalanche	Burgundy	#6F263D	CBJ	Columbus Blue Jackets	Union Blue	#002654
COL	Colorado Avalanche	Burgundy	#6F263D	CGY	Calgary Flames	Flames Yellow	#F1BE48
COL	Colorado Avalanche	Burgundy	#6F263D	CHI	Chicago Blackhawks	Black	#000000
COL	Colorado Avalanche	Burgundy	#6F263D	DAL	Dallas Stars	Victory Green	#006847
COL	Colorado Avalanche	Burgundy	#6F263D	DET	Detroit Red Wings	White	#FFFFFF
COL	Colorado Avalanche	Burgundy	#6F263D	EDM	Edmonton Oilers	Oilers Navy	#041E42
COL	Colorado Avalanche	Burgundy	#6F263D	FLA	Florida Panthers	Panthers Navy	#041E42
COL	Colorado Avalanche	Burgundy	#6F263D	LAK	Los Angeles Kings	Kings Black	#111111
COL	Colorado Avalanche	Burgundy	#6F263D	MIN	Minnesota Wild	Forest Green	#154734
COL	Colorado Avalanche	Burgundy	#6F263D	MTL	Montreal Canadiens	Habs Blue	#192168
COL	Colorado Avalanche	Burgundy	#6F263D	NJD	New Jersey Devils	Black	#000000
COL	Colorado Avalanche	Burgundy	#6F263D	NSH	Nashville Predators	Preds Gold	#FFB81C
COL	Colorado Avalanche	Burgundy	#6F263D	NYI	New York Islanders	Isles Orange	#F47D30
COL	Colorado Avalanche	Burgundy	#6F263D	NYR	New York Rangers	Rangers Blue	#0038A8
COL	Colorado Avalanche	Burgundy	#6F263D	OTT	Ottawa Senators	Black	#000000
COL	Colorado Avalanche	Burgundy	#6F263D	PHI	Philadelphia Flyers	Flyers Orange	#F74902
COL	Colorado Avalanche	Burgundy	#6F263D	PIT	Pittsburgh Penguins	Vegas Gold	#FCB514
COL	Colorado Avalanche	Burgundy	#6F263D	SEA	Seattle Kraken	Ice Blue	#99D9D9
COL	Colorado Avalanche	Burgundy	#6F263D	SJS	San Jose Sharks	Sharks Teal	#006D75
COL	Colorado Avalanche	Burgundy	#6F263D	STL	St. Louis Blues	Blues Blue	#002F87
COL	Colorado Avalanche	Burgundy	#6F263D	TBL	Tampa Bay Lightning	Bolts Blue	#002868
COL	Colorado Avalanche	Burgundy	#6F263D	TOR	Toronto Maple Leafs	Leafs Blue	#00205B
COL	Colorado Avalanche	Burgundy	#6F263D	UTA	Utah Mammoth	Mountain Blue	#7AB2E0
COL	Colorado Avalanche	Burgundy	#6F263D	VAN	Vancouver Canucks	Canucks Blue	#00205B
COL	Colorado Avalanche	Burgundy	#6F263D	VGK	Vegas Golden Knights	Knights Gold	#B4975A
COL	Colorado Avalanche	Burgundy	#6F263D	WPG	Winnipeg Jets	Jets Navy	#041E42
COL	Colorado Avalanche	Burgundy	#6F263D	WSH	Washington Capitals	Caps Navy	#041E42
DAL	Dallas Stars	Victory Green	#006847	ANA	Anaheim Ducks	Ducks Orange	#F47A38
DAL	Dallas Stars	Victory Green	#006847	BOS	Boston Bruins	Bruins Gold	#FFB81C
DAL	Dallas Stars	Victory Green	#006847	BUF	Buffalo Sabres	Sabres Royal	#003087
DAL	Dallas Stars	Victory Green	#006847	CAR	Carolina Hurricanes	Hurricanes Red	#CC0000
DAL	Dallas Stars	Victory Green	#006847	CBJ	Columbus Blue Jackets	Union Blue	#002654
DAL	Dallas Stars	Victory Green	#006847	CGY	Calgary Flames	Flames Red	#C8102E
DAL	Dallas Stars	Victory Green	#006847	CHI	Chicago Blackhawks	Blackhawks Red	#CF0A2C
DAL	Dallas Stars	Victory Green	#006847	COL	Colorado Avalanche	Burgundy	#6F263D
DAL	Dallas Stars	Victory Green	#006847	DET	Detroit Red Wings	Wings Red	#CE1126
DAL	Dallas Stars	Victory Green	#006847	EDM	Edmonton Oilers	Oilers Navy	#041E42
DAL	Dallas Stars	Victory Green	#006847	FLA	Florida Panthers	Panthers Red	#C8102E
DAL	Dallas Stars	Victory Green	#006847	LAK	Los Angeles Kings	Kings Black	#111111
DAL	Dallas Stars	Victory Green	#006847	MIN	Minnesota Wild	Iron Range Red	#A6192E
DAL	Dallas Stars	Victory Green	#006847	MTL	Montreal Canadiens	Habs Red	#AF1E2D
DAL	Dallas Stars	Victory Green	#006847	NJD	New Jersey Devils	Devils Red	#CE1126
DAL	Dallas Stars	Victory Green	#006847	NSH	Nashville Predators	Preds Gold	#FFB81C
DAL	Dallas Stars	Victory Green	#006847	NYI	New York Islanders	Isles Orange	#F47D30
DAL	Dallas Stars	Victory Green	#006847	NYR	New York Rangers	Rangers Blue	#0038A8
DAL	Dallas Stars	Victory Green	#006847	OTT	Ottawa Senators	Sens Red	#C52032
DAL	Dallas Stars	Victory Green	#006847	PHI	Philadelphia Flyers	Flyers Orange	#F74902
DAL	Dallas Stars	Victory Green	#006847	PIT	Pittsburgh Penguins	Vegas Gold	#FCB514
DAL	Dallas Stars	Victory Green	#006847	SEA	Seattle Kraken	Ice Blue	#99D9D9
DAL	Dallas Stars	Victory Green	#006847	SJS	San Jose Sharks	Sharks Teal	#006D75
DAL	Dallas Stars	Victory Green	#006847	STL	St. Louis Blues	Blues Blue	#002F87
DAL	Dallas Stars	Victory Green	#006847	TBL	Tampa Bay Lightning	Bolts Blue	#002868
DAL	Dallas Stars	Victory Green	#006847	TOR	Toronto Maple Leafs	Leafs Blue	#00205B
DAL	Dallas Stars	Victory Green	#006847	UTA	Utah Mammoth	Mountain Blue	#7AB2E0
DAL	Dallas Stars	Victory Green	#006847	VAN	Vancouver Canucks	Canucks Blue	#00205B
DAL	Dallas Stars	Victory Green	#006847	VGK	Vegas Golden Knights	Knights Gold	#B4975A
DAL	Dallas Stars	Victory Green	#006847	WPG	Winnipeg Jets	Jets Navy	#041E42
DAL	Dallas Stars	Victory Green	#006847	WSH	Washington Capitals	Caps Red	#C8102E
DET	Detroit Red Wings	Wings Red	#CE1126	ANA	Anaheim Ducks	Ducks Orange	#F47A38
DET	Detroit Red Wings	Wings Red	#CE1126	BOS	Boston Bruins	Bruins Gold	#FFB81C
DET	Detroit Red Wings	Wings Red	#CE1126	BUF	Buffalo Sabres	Sabres Royal	#003087
DET	Detroit Red Wings	Wings Red	#CE1126	CAR	Carolina Hurricanes	Black	#000000
DET	Detroit Red Wings	Wings Red	#CE1126	CBJ	Columbus Blue Jackets	Union Blue	#002654
DET	Detroit Red Wings	Wings Red	#CE1126	CGY	Calgary Flames	Flames Yellow	#F1BE48
DET	Detroit Red Wings	Wings Red	#CE1126	CHI	Chicago Blackhawks	Black	#000000
DET	Detroit Red Wings	Wings Red	#CE1126	COL	Colorado Avalanche	Steel Blue	#236192
DET	Detroit Red Wings	Wings Red	#CE1126	DAL	Dallas Stars	Victory Green	#006847
DET	Detroit Red Wings	Wings Red	#CE1126	EDM	Edmonton Oilers	Oilers Navy	#041E42
DET	Detroit Red Wings	Wings Red	#CE1126	FLA	Florida Panthers	Panthers Navy	#041E42
DET	Detroit Red Wings	Wings Red	#CE1126	LAK	Los Angeles Kings	Kings Black	#111111
DET	Detroit Red Wings	Wings Red	#CE1126	MIN	Minnesota Wild	Forest Green	#154734
DET	Detroit Red Wings	Wings Red	#CE1126	MTL	Montreal Canadiens	Habs Blue	#192168
DET	Detroit Red Wings	Wings Red	#CE1126	NJD	New Jersey Devils	Black	#000000
DET	Detroit Red Wings	Wings Red	#CE1126	NSH	Nashville Predators	Preds Gold	#FFB81C
DET	Detroit Red Wings	Wings Red	#CE1126	NYI	New York Islanders	Isles Orange	#F47D30
DET	Detroit Red Wings	Wings Red	#CE1126	NYR	New York Rangers	Rangers Blue	#0038A8
DET	Detroit Red Wings	Wings Red	#CE1126	OTT	Ottawa Senators	Black	#000000
DET	Detroit Red Wings	Wings Red	#CE1126	PHI	Philadelphia Flyers	Flyers Orange	#F74902
DET	Detroit Red Wings	Wings Red	#CE1126	PIT	Pittsburgh Penguins	Vegas Gold	#FCB514
DET	Detroit Red Wings	Wings Red	#CE1126	SEA	Seattle Kraken	Ice Blue	#99D9D9
DET	Detroit Red Wings	Wings Red	#CE1126	SJS	San Jose Sharks	Sharks Teal	#006D75
DET	Detroit Red Wings	Wings Red	#CE1126	STL	St. Louis Blues	Blues Blue	#002F87
DET	Detroit Red Wings	Wings Red	#CE1126	TBL	Tampa Bay Lightning	Bolts Blue	#002868
DET	Detroit Red Wings	Wings Red	#CE1126	TOR	Toronto Maple Leafs	Leafs Blue	#00205B
DET	Detroit Red Wings	Wings Red	#CE1126	UTA	Utah Mammoth	Mountain Blue	#7AB2E0
DET	Detroit Red Wings	Wings Red	#CE1126	VAN	Vancouver Canucks	Canucks Blue	#00205B
DET	Detroit Red Wings	Wings Red	#CE1126	VGK	Vegas Golden Knights	Knights Gold	#B4975A
DET	Detroit Red Wings	Wings Red	#CE1126	WPG	Winnipeg Jets	Jets Navy	#041E42
DET	Detroit Red Wings	Wings Red	#CE1126	WSH	Washington Capitals	Caps Navy	#041E42
EDM	Edmonton Oilers	Oilers Navy	#041E42	ANA	Anaheim Ducks	Black	#000000
EDM	Edmonton Oilers	Oilers Navy	#041E42	BOS	Boston Bruins	Bruins Gold	#FFB81C
EDM	Edmonton Oilers	Oilers Navy	#041E42	BUF	Buffalo Sabres	Sabres Royal	#003087
EDM	Edmonton Oilers	Oilers Navy	#041E42	CAR	Carolina Hurricanes	Hurricanes Red	#CC0000
EDM	Edmonton Oilers	Oilers Navy	#041E42	CBJ	Columbus Blue Jackets	Union Blue	#002654
EDM	Edmonton Oilers	Oilers Navy	#041E42	CGY	Calgary Flames	Flames Red	#C8102E
EDM	Edmonton Oilers	Oilers Navy	#041E42	CHI	Chicago Blackhawks	Blackhawks Red	#CF0A2C
EDM	Edmonton Oilers	Oilers Navy	#041E42	COL	Colorado Avalanche	Burgundy	#6F263D
EDM	Edmonton Oilers	Oilers Navy	#041E42	DAL	Dallas Stars	Victory Green	#006847
EDM	Edmonton Oilers	Oilers Navy	#041E42	DET	Detroit Red Wings	Wings Red	#CE1126
EDM	Edmonton Oilers	Oilers Navy	#041E42	FLA	Florida Panthers	Panthers Red	#C8102E
EDM	Edmonton Oilers	Oilers Navy	#041E42	LAK	Los Angeles Kings	Kings Black	#111111
EDM	Edmonton Oilers	Oilers Navy	#041E42	MIN	Minnesota Wild	Forest Green	#154734
EDM	Edmonton Oilers	Oilers Navy	#041E42	MTL	Montreal Canadiens	Habs Red	#AF1E2D
EDM	Edmonton Oilers	Oilers Navy	#041E42	NJD	New Jersey Devils	Devils Red	#CE1126
EDM	Edmonton Oilers	Oilers Navy	#041E42	NSH	Nashville Predators	Preds Gold	#FFB81C
EDM	Edmonton Oilers	Oilers Navy	#041E42	NYI	New York Islanders	Isles Royal	#00539B
EDM	Edmonton Oilers	Oilers Navy	#041E42	NYR	New York Rangers	Rangers Blue	#0038A8
EDM	Edmonton Oilers	Oilers Navy	#041E42	OTT	Ottawa Senators	Sens Red	#C52032
EDM	Edmonton Oilers	Oilers Navy	#041E42	PHI	Philadelphia Flyers	Black	#000000
EDM	Edmonton Oilers	Oilers Navy	#041E42	PIT	Pittsburgh Penguins	Vegas Gold	#FCB514
EDM	Edmonton Oilers	Oilers Navy	#041E42	SEA	Seattle Kraken	Ice Blue	#99D9D9
EDM	Edmonton Oilers	Oilers Navy	#041E42	SJS	San Jose Sharks	Sharks Teal	#006D75
EDM	Edmonton Oilers	Oilers Navy	#041E42	STL	St. Louis Blues	Blues Blue	#002F87
EDM	Edmonton Oilers	Oilers Navy	#041E42	TBL	Tampa Bay Lightning	Bolts Blue	#002868
EDM	Edmonton Oilers	Oilers Navy	#041E42	TOR	Toronto Maple Leafs	Leafs Blue	#00205B
EDM	Edmonton Oilers	Oilers Navy	#041E42	UTA	Utah Mammoth	Mountain Blue	#7AB2E0
EDM	Edmonton Oilers	Oilers Navy	#041E42	VAN	Vancouver Canucks	Canucks Blue	#00205B
EDM	Edmonton Oilers	Oilers Navy	#041E42	VGK	Vegas Golden Knights	Knights Gold	#B4975A
EDM	Edmonton Oilers	Oilers Navy	#041E42	WPG	Winnipeg Jets	Jets Navy	#041E42
EDM	Edmonton Oilers	Oilers Navy	#041E42	WSH	Washington Capitals	Caps Red	#C8102E
FLA	Florida Panthers	Panthers Red	#C8102E	ANA	Anaheim Ducks	Ducks Orange	#F47A38
FLA	Florida Panthers	Panthers Red	#C8102E	BOS	Boston Bruins	Bruins Gold	#FFB81C
FLA	Florida Panthers	Panthers Red	#C8102E	BUF	Buffalo Sabres	Sabres Royal	#003087
FLA	Florida Panthers	Panthers Red	#C8102E	CAR	Carolina Hurricanes	Black	#000000
FLA	Florida Panthers	Panthers Red	#C8102E	CBJ	Columbus Blue Jackets	Union Blue	#002654
FLA	Florida Panthers	Panthers Red	#C8102E	CGY	Calgary Flames	Flames Yellow	#F1BE48
FLA	Florida Panthers	Panthers Red	#C8102E	CHI	Chicago Blackhawks	Black	#000000
FLA	Florida Panthers	Panthers Red	#C8102E	COL	Colorado Avalanche	Steel Blue	#236192
FLA	Florida Panthers	Panthers Red	#C8102E	DAL	Dallas Stars	Victory Green	#006847
FLA	Florida Panthers	Panthers Red	#C8102E	DET	Detroit Red Wings	White	#FFFFFF
FLA	Florida Panthers	Panthers Red	#C8102E	EDM	Edmonton Oilers	Oilers Navy	#041E42
FLA	Florida Panthers	Panthers Red	#C8102E	LAK	Los Angeles Kings	Kings Black	#111111
FLA	Florida Panthers	Panthers Red	#C8102E	MIN	Minnesota Wild	Forest Green	#154734
FLA	Florida Panthers	Panthers Red	#C8102E	MTL	Montreal Canadiens	Habs Blue	#192168
FLA	Florida Panthers	Panthers Red	#C8102E	NJD	New Jersey Devils	Black	#000000
FLA	Florida Panthers	Panthers Red	#C8102E	NSH	Nashville Predators	Preds Gold	#FFB81C
FLA	Florida Panthers	Panthers Red	#C8102E	NYI	New York Islanders	Isles Orange	#F47D30
FLA	Florida Panthers	Panthers Red	#C8102E	NYR	New York Rangers	Rangers Blue	#0038A8
FLA	Florida Panthers	Panthers Red	#C8102E	OTT	Ottawa Senators	Black	#000000
FLA	Florida Panthers	Panthers Red	#C8102E	PHI	Philadelphia Flyers	Flyers Orange	#F74902
FLA	Florida Panthers	Panthers Red	#C8102E	PIT	Pittsburgh Penguins	Vegas Gold	#FCB514
FLA	Florida Panthers	Panthers Red	#C8102E	SEA	Seattle Kraken	Ice Blue	#99D9D9
FLA	Florida Panthers	Panthers Red	#C8102E	SJS	San Jose Sharks	Sharks Teal	#006D75
FLA	Florida Panthers	Panthers Red	#C8102E	STL	St. Louis Blues	Blues Blue	#002F87
FLA	Florida Panthers	Panthers Red	#C8102E	TBL	Tampa Bay Lightning	Bolts Blue	#002868
FLA	Florida Panthers	Panthers Red	#C8102E	TOR	Toronto Maple Leafs	Leafs Blue	#00205B
FLA	Florida Panthers	Panthers Red	#C8102E	UTA	Utah Mammoth	Mountain Blue	#7AB2E0
FLA	Florida Panthers	Panthers Red	#C8102E	VAN	Vancouver Canucks	Canucks Blue	#00205B
FLA	Florida Panthers	Panthers Red	#C8102E	VGK	Vegas Golden Knights	Knights Gold	#B4975A
FLA	Florida Panthers	Panthers Red	#C8102E	WPG	Winnipeg Jets	Jets Navy	#041E42
FLA	Florida Panthers	Panthers Red	#C8102E	WSH	Washington Capitals	Caps Navy	#041E42
LAK	Los Angeles Kings	Kings Black	#111111	ANA	Anaheim Ducks	Ducks Orange	#F47A38
LAK	Los Angeles Kings	Kings Black	#111111	BOS	Boston Bruins	Bruins Gold	#FFB81C
LAK	Los Angeles Kings	Kings Black	#111111	BUF	Buffalo Sabres	Sabres Royal	#003087
LAK	Los Angeles Kings	Kings Black	#111111	CAR	Carolina Hurricanes	Hurricanes Red	#CC0000
LAK	Los Angeles Kings	Kings Black	#111111	CBJ	Columbus Blue Jackets	Union Blue	#002654
LAK	Los Angeles Kings	Kings Black	#111111	CGY	Calgary Flames	Flames Red	#C8102E
LAK	Los Angeles Kings	Kings Black	#111111	CHI	Chicago Blackhawks	Blackhawks Red	#CF0A2C
LAK	Los Angeles Kings	Kings Black	#111111	COL	Colorado Avalanche	Burgundy	#6F263D
LAK	Los Angeles Kings	Kings Black	#111111	DAL	Dallas Stars	Victory Green	#006847
LAK	Los Angeles Kings	Kings Black	#111111	DET	Detroit Red Wings	Wings Red	#CE1126
LAK	Los Angeles Kings	Kings Black	#111111	EDM	Edmonton Oilers	Oilers Navy	#041E42
LAK	Los Angeles Kings	Kings Black	#111111	FLA	Florida Panthers	Panthers Red	#C8102E
LAK	Los Angeles Kings	Kings Black	#111111	MIN	Minnesota Wild	Forest Green	#154734
LAK	Los Angeles Kings	Kings Black	#111111	MTL	Montreal Canadiens	Habs Red	#AF1E2D
LAK	Los Angeles Kings	Kings Black	#111111	NJD	New Jersey Devils	Devils Red	#CE1126
LAK	Los Angeles Kings	Kings Black	#111111	NSH	Nashville Predators	Preds Gold	#FFB81C
LAK	Los Angeles Kings	Kings Black	#111111	NYI	New York Islanders	Isles Orange	#F47D30
LAK	Los Angeles Kings	Kings Black	#111111	NYR	New York Rangers	Rangers Blue	#0038A8
LAK	Los Angeles Kings	Kings Black	#111111	OTT	Ottawa Senators	Sens Red	#C52032
LAK	Los Angeles Kings	Kings Black	#111111	PHI	Philadelphia Flyers	Flyers Orange	#F74902
LAK	Los Angeles Kings	Kings Black	#111111	PIT	Pittsburgh Penguins	Vegas Gold	#FCB514
LAK	Los Angeles Kings	Kings Black	#111111	SEA	Seattle Kraken	Ice Blue	#99D9D9
LAK	Los Angeles Kings	Kings Black	#111111	SJS	San Jose Sharks	Sharks Teal	#006D75
LAK	Los Angeles Kings	Kings Black	#111111	STL	St. Louis Blues	Blues Blue	#002F87
LAK	Los Angeles Kings	Kings Black	#111111	TBL	Tampa Bay Lightning	Bolts Blue	#002868
LAK	Los Angeles Kings	Kings Black	#111111	TOR	Toronto Maple Leafs	Leafs Blue	#00205B
LAK	Los Angeles Kings	Kings Black	#111111	UTA	Utah Mammoth	Mountain Blue	#7AB2E0
LAK	Los Angeles Kings	Kings Black	#111111	VAN	Vancouver Canucks	Canucks Blue	#00205B
LAK	Los Angeles Kings	Kings Black	#111111	VGK	Vegas Golden Knights	Knights Gold	#B4975A
LAK	Los Angeles Kings	Kings Black	#111111	WPG	Winnipeg Jets	Jets Navy	#041E42
LAK	Los Angeles Kings	Kings Black	#111111	WSH	Washington Capitals	Caps Red	#C8102E
MIN	Minnesota Wild	Forest Green	#154734	ANA	Anaheim Ducks	Ducks Orange	#F47A38
MIN	Minnesota Wild	Forest Green	#154734	BOS	Boston Bruins	Bruins Gold	#FFB81C
MIN	Minnesota Wild	Forest Green	#154734	BUF	Buffalo Sabres	Sabres Royal	#003087
MIN	Minnesota Wild	Forest Green	#154734	CAR	Carolina Hurricanes	Hurricanes Red	#CC0000
MIN	Minnesota Wild	Forest Green	#154734	CBJ	Columbus Blue Jackets	Union Blue	#002654
MIN	Minnesota Wild	Forest Green	#154734	CGY	Calgary Flames	Flames Red	#C8102E
MIN	Minnesota Wild	Forest Green	#154734	CHI	Chicago Blackhawks	Blackhawks Red	#CF0A2C
MIN	Minnesota Wild	Forest Green	#154734	COL	Colorado Avalanche	Burgundy	#6F263D
MIN	Minnesota Wild	Forest Green	#154734	DAL	Dallas Stars	Black	#000000
MIN	Minnesota Wild	Forest Green	#154734	DET	Detroit Red Wings	Wings Red	#CE1126
MIN	Minnesota Wild	Forest Green	#154734	EDM	Edmonton Oilers	Oilers Navy	#041E42
MIN	Minnesota Wild	Forest Green	#154734	FLA	Florida Panthers	Panthers Red	#C8102E
MIN	Minnesota Wild	Forest Green	#154734	LAK	Los Angeles Kings	Kings Black	#111111
MIN	Minnesota Wild	Forest Green	#154734	MTL	Montreal Canadiens	Habs Red	#AF1E2D
MIN	Minnesota Wild	Forest Green	#154734	NJD	New Jersey Devils	Devils Red	#CE1126
MIN	Minnesota Wild	Forest Green	#154734	NSH	Nashville Predators	Preds Gold	#FFB81C
MIN	Minnesota Wild	Forest Green	#154734	NYI	New York Islanders	Isles Orange	#F47D30
MIN	Minnesota Wild	Forest Green	#154734	NYR	New York Rangers	Rangers Blue	#0038A8
MIN	Minnesota Wild	Forest Green	#154734	OTT	Ottawa Senators	Sens Red	#C52032
MIN	Minnesota Wild	Forest Green	#154734	PHI	Philadelphia Flyers	Flyers Orange	#F74902
MIN	Minnesota Wild	Forest Green	#154734	PIT	Pittsburgh Penguins	Vegas Gold	#FCB514
MIN	Minnesota Wild	Forest Green	#154734	SEA	Seattle Kraken	Ice Blue	#99D9D9
MIN	Minnesota Wild	Forest Green	#154734	SJS	San Jose Sharks	Sharks Teal	#006D75
MIN	Minnesota Wild	Forest Green	#154734	STL	St. Louis Blues	Blues Blue	#002F87
MIN	Minnesota Wild	Forest Green	#154734	TBL	Tampa Bay Lightning	Bolts Blue	#002868
MIN	Minnesota Wild	Forest Green	#154734	TOR	Toronto Maple Leafs	Leafs Blue	#00205B
MIN	Minnesota Wild	Forest Green	#154734	UTA	Utah Mammoth	Mountain Blue	#7AB2E0
MIN	Minnesota Wild	Forest Green	#154734	VAN	Vancouver Canucks	Canucks Blue	#00205B
MIN	Minnesota Wild	Forest Green	#154734	VGK	Vegas Golden Knights	Knights Gold	#B4975A
MIN	Minnesota Wild	Forest Green	#154734	WPG	Winnipeg Jets	Jets Navy	#041E42
MIN	Minnesota Wild	Forest Green	#154734	WSH	Washington Capitals	Caps Red	#C8102E
MTL	Montreal Canadiens	Habs Red	#AF1E2D	ANA	Anaheim Ducks	Ducks Orange	#F47A38
MTL	Montreal Canadiens	Habs Red	#AF1E2D	BOS	Boston Bruins	Bruins Gold	#FFB81C
MTL	Montreal Canadiens	Habs Red	#AF1E2D	BUF	Buffalo Sabres	Sabres Royal	#003087
MTL	Montreal Canadiens	Habs Red	#AF1E2D	CAR	Carolina Hurricanes	Black	#000000
MTL	Montreal Canadiens	Habs Red	#AF1E2D	CBJ	Columbus Blue Jackets	Union Blue	#002654
MTL	Montreal Canadiens	Habs Red	#AF1E2D	CGY	Calgary Flames	Flames Yellow	#F1BE48
MTL	Montreal Canadiens	Habs Red	#AF1E2D	CHI	Chicago Blackhawks	Black	#000000
MTL	Montreal Canadiens	Habs Red	#AF1E2D	COL	Colorado Avalanche	Steel Blue	#236192
MTL	Montreal Canadiens	Habs Red	#AF1E2D	DAL	Dallas Stars	Victory Green	#006847
MTL	Montreal Canadiens	Habs Red	#AF1E2D	DET	Detroit Red Wings	White	#FFFFFF
MTL	Montreal Canadiens	Habs Red	#AF1E2D	EDM	Edmonton Oilers	Oilers Navy	#041E42
MTL	Montreal Canadiens	Habs Red	#AF1E2D	FLA	Florida Panthers	Panthers Navy	#041E42
MTL	Montreal Canadiens	Habs Red	#AF1E2D	LAK	Los Angeles Kings	Kings Black	#111111
MTL	Montreal Canadiens	Habs Red	#AF1E2D	MIN	Minnesota Wild	Forest Green	#154734
MTL	Montreal Canadiens	Habs Red	#AF1E2D	NJD	New Jersey Devils	Black	#000000
MTL	Montreal Canadiens	Habs Red	#AF1E2D	NSH	Nashville Predators	Preds Gold	#FFB81C
MTL	Montreal Canadiens	Habs Red	#AF1E2D	NYI	New York Islanders	Isles Orange	#F47D30
MTL	Montreal Canadiens	Habs Red	#AF1E2D	NYR	New York Rangers	Rangers Blue	#0038A8
MTL	Montreal Canadiens	Habs Red	#AF1E2D	OTT	Ottawa Senators	Black	#000000
MTL	Montreal Canadiens	Habs Red	#AF1E2D	PHI	Philadelphia Flyers	Flyers Orange	#F74902
MTL	Montreal Canadiens	Habs Red	#AF1E2D	PIT	Pittsburgh Penguins	Vegas Gold	#FCB514
MTL	Montreal Canadiens	Habs Red	#AF1E2D	SEA	Seattle Kraken	Ice Blue	#99D9D9
MTL	Montreal Canadiens	Habs Red	#AF1E2D	SJS	San Jose Sharks	Sharks Teal	#006D75
MTL	Montreal Canadiens	Habs Red	#AF1E2D	STL	St. Louis Blues	Blues Blue	#002F87
MTL	Montreal Canadiens	Habs Red	#AF1E2D	TBL	Tampa Bay Lightning	Bolts Blue	#002868
MTL	Montreal Canadiens	Habs Red	#AF1E2D	TOR	Toronto Maple Leafs	Leafs Blue	#00205B
MTL	Montreal Canadiens	Habs Red	#AF1E2D	UTA	Utah Mammoth	Mountain Blue	#7AB2E0
MTL	Montreal Canadiens	Habs Red	#AF1E2D	VAN	Vancouver Canucks	Canucks Blue	#00205B
MTL	Montreal Canadiens	Habs Red	#AF1E2D	VGK	Vegas Golden Knights	Knights Gold	#B4975A
MTL	Montreal Canadiens	Habs Red	#AF1E2D	WPG	Winnipeg Jets	Jets Navy	#041E42
MTL	Montreal Canadiens	Habs Red	#AF1E2D	WSH	Washington Capitals	Caps Navy	#041E42
NJD	New Jersey Devils	Devils Red	#CE1126	ANA	Anaheim Ducks	Ducks Orange	#F47A38
NJD	New Jersey Devils	Devils Red	#CE1126	BOS	Boston Bruins	Bruins Gold	#FFB81C
NJD	New Jersey Devils	Devils Red	#CE1126	BUF	Buffalo Sabres	Sabres Royal	#003087
NJD	New Jersey Devils	Devils Red	#CE1126	CAR	Carolina Hurricanes	Black	#000000
NJD	New Jersey Devils	Devils Red	#CE1126	CBJ	Columbus Blue Jackets	Union Blue	#002654
NJD	New Jersey Devils	Devils Red	#CE1126	CGY	Calgary Flames	Flames Yellow	#F1BE48
NJD	New Jersey Devils	Devils Red	#CE1126	CHI	Chicago Blackhawks	Black	#000000
NJD	New Jersey Devils	Devils Red	#CE1126	COL	Colorado Avalanche	Steel Blue	#236192
NJD	New Jersey Devils	Devils Red	#CE1126	DAL	Dallas Stars	Victory Green	#006847
NJD	New Jersey Devils	Devils Red	#CE1126	DET	Detroit Red Wings	White	#FFFFFF
NJD	New Jersey Devils	Devils Red	#CE1126	EDM	Edmonton Oilers	Oilers Navy	#041E42
NJD	New Jersey Devils	Devils Red	#CE1126	FLA	Florida Panthers	Panthers Navy	#041E42
NJD	New Jersey Devils	Devils Red	#CE1126	LAK	Los Angeles Kings	Kings Black	#111111
NJD	New Jersey Devils	Devils Red	#CE1126	MIN	Minnesota Wild	Forest Green	#154734
NJD	New Jersey Devils	Devils Red	#CE1126	MTL	Montreal Canadiens	Habs Blue	#192168
NJD	New Jersey Devils	Devils Red	#CE1126	NSH	Nashville Predators	Preds Gold	#FFB81C
NJD	New Jersey Devils	Devils Red	#CE1126	NYI	New York Islanders	Isles Orange	#F47D30
NJD	New Jersey Devils	Devils Red	#CE1126	NYR	New York Rangers	Rangers Blue	#0038A8
NJD	New Jersey Devils	Devils Red	#CE1126	OTT	Ottawa Senators	Black	#000000
NJD	New Jersey Devils	Devils Red	#CE1126	PHI	Philadelphia Flyers	Flyers Orange	#F74902
NJD	New Jersey Devils	Devils Red	#CE1126	PIT	Pittsburgh Penguins	Vegas Gold	#FCB514
NJD	New Jersey Devils	Devils Red	#CE1126	SEA	Seattle Kraken	Ice Blue	#99D9D9
NJD	New Jersey Devils	Devils Red	#CE1126	SJS	San Jose Sharks	Sharks Teal	#006D75
NJD	New Jersey Devils	Devils Red	#CE1126	STL	St. Louis Blues	Blues Blue	#002F87
NJD	New Jersey Devils	Devils Red	#CE1126	TBL	Tampa Bay Lightning	Bolts Blue	#002868
NJD	New Jersey Devils	Devils Red	#CE1126	TOR	Toronto Maple Leafs	Leafs Blue	#00205B
NJD	New Jersey Devils	Devils Red	#CE1126	UTA	Utah Mammoth	Mountain Blue	#7AB2E0
NJD	New Jersey Devils	Devils Red	#CE1126	VAN	Vancouver Canucks	Canucks Blue	#00205B
NJD	New Jersey Devils	Devils Red	#CE1126	VGK	Vegas Golden Knights	Knights Gold	#B4975A
NJD	New Jersey Devils	Devils Red	#CE1126	WPG	Winnipeg Jets	Jets Navy	#041E42
NJD	New Jersey Devils	Devils Red	#CE1126	WSH	Washington Capitals	Caps Navy	#041E42
NSH	Nashville Predators	Preds Gold	#FFB81C	ANA	Anaheim Ducks	Ducks Orange	#F47A38
NSH	Nashville Predators	Preds Gold	#FFB81C	BOS	Boston Bruins	Black	#000000
NSH	Nashville Predators	Preds Gold	#FFB81C	BUF	Buffalo Sabres	Sabres Royal	#003087
NSH	Nashville Predators	Preds Gold	#FFB81C	CAR	Carolina Hurricanes	Hurricanes Red	#CC0000
NSH	Nashville Predators	Preds Gold	#FFB81C	CBJ	Columbus Blue Jackets	Union Blue	#002654
NSH	Nashville Predators	Preds Gold	#FFB81C	CGY	Calgary Flames	Flames Red	#C8102E
NSH	Nashville Predators	Preds Gold	#FFB81C	CHI	Chicago Blackhawks	Blackhawks Red	#CF0A2C
NSH	Nashville Predators	Preds Gold	#FFB81C	COL	Colorado Avalanche	Burgundy	#6F263D
NSH	Nashville Predators	Preds Gold	#FFB81C	DAL	Dallas Stars	Victory Green	#006847
NSH	Nashville Predators	Preds Gold	#FFB81C	DET	Detroit Red Wings	Wings Red	#CE1126
NSH	Nashville Predators	Preds Gold	#FFB81C	EDM	Edmonton Oilers	Oilers Navy	#041E42
NSH	Nashville Predators	Preds Gold	#FFB81C	FLA	Florida Panthers	Panthers Red	#C8102E
NSH	Nashville Predators	Preds Gold	#FFB81C	LAK	Los Angeles Kings	Kings Black	#111111
NSH	Nashville Predators	Preds Gold	#FFB81C	MIN	Minnesota Wild	Forest Green	#154734
NSH	Nashville Predators	Preds Gold	#FFB81C	MTL	Montreal Canadiens	Habs Red	#AF1E2D
NSH	Nashville Predators	Preds Gold	#FFB81C	NJD	New Jersey Devils	Devils Red	#CE1126
NSH	Nashville Predators	Preds Gold	#FFB81C	NYI	New York Islanders	Isles Orange	#F47D30
NSH	Nashville Predators	Preds Gold	#FFB81C	NYR	New York Rangers	Rangers Blue	#0038A8
NSH	Nashville Predators	Preds Gold	#FFB81C	OTT	Ottawa Senators	Sens Red	#C52032
NSH	Nashville Predators	Preds Gold	#FFB81C	PHI	Philadelphia Flyers	Flyers Orange	#F74902
NSH	Nashville Predators	Preds Gold	#FFB81C	PIT	Pittsburgh Penguins	Black	#000000
NSH	Nashville Predators	Preds Gold	#FFB81C	SEA	Seattle Kraken	Ice Blue	#99D9D9
NSH	Nashville Predators	Preds Gold	#FFB81C	SJS	San Jose Sharks	Sharks Teal	#006D75
NSH	Nashville Predators	Preds Gold	#FFB81C	STL	St. Louis Blues	Blues Blue	#002F87
NSH	Nashville Predators	Preds Gold	#FFB81C	TBL	Tampa Bay Lightning	Bolts Blue	#002868
NSH	Nashville Predators	Preds Gold	#FFB81C	TOR	Toronto Maple Leafs	Leafs Blue	#00205B
NSH	Nashville Predators	Preds Gold	#FFB81C	UTA	Utah Mammoth	Mountain Blue	#7AB2E0
NSH	Nashville Predators	Preds Gold	#FFB81C	VAN	Vancouver Canucks	Canucks Blue	#00205B
NSH	Nashville Predators	Preds Gold	#FFB81C	VGK	Vegas Golden Knights	Steel Gray	#333F42
NSH	Nashville Predators	Preds Gold	#FFB81C	WPG	Winnipeg Jets	Jets Navy	#041E42
NSH	Nashville Predators	Preds Gold	#FFB81C	WSH	Washington Capitals	Caps Red	#C8102E
NYI	New York Islanders	Isles Orange	#F47D30	ANA	Anaheim Ducks	Black	#000000
NYI	New York Islanders	Isles Orange	#F47D30	BOS	Boston Bruins	Bruins Gold	#FFB81C
NYI	New York Islanders	Isles Orange	#F47D30	BUF	Buffalo Sabres	Sabres Royal	#003087
NYI	New York Islanders	Isles Orange	#F47D30	CAR	Carolina Hurricanes	Hurricanes Red	#CC0000
NYI	New York Islanders	Isles Orange	#F47D30	CBJ	Columbus Blue Jackets	Union Blue	#002654
NYI	New York Islanders	Isles Orange	#F47D30	CGY	Calgary Flames	Flames Red	#C8102E
NYI	New York Islanders	Isles Orange	#F47D30	CHI	Chicago Blackhawks	Blackhawks Red	#CF0A2C
NYI	New York Islanders	Isles Orange	#F47D30	COL	Colorado Avalanche	Burgundy	#6F263D
NYI	New York Islanders	Isles Orange	#F47D30	DAL	Dallas Stars	Victory Green	#006847
NYI	New York Islanders	Isles Orange	#F47D30	DET	Detroit Red Wings	Wings Red	#CE1126
NYI	New York Islanders	Isles Orange	#F47D30	EDM	Edmonton Oilers	Oilers Orange	#FF4C00
NYI	New York Islanders	Isles Orange	#F47D30	FLA	Florida Panthers	Panthers Red	#C8102E
NYI	New York Islanders	Isles Orange	#F47D30	LAK	Los Angeles Kings	Kings Black	#111111
NYI	New York Islanders	Isles Orange	#F47D30	MIN	Minnesota Wild	Forest Green	#154734
NYI	New York Islanders	Isles Orange	#F47D30	MTL	Montreal Canadiens	Habs Red	#AF1E2D
NYI	New York Islanders	Isles Orange	#F47D30	NJD	New Jersey Devils	Devils Red	#CE1126
NYI	New York Islanders	Isles Orange	#F47D30	NSH	Nashville Predators	Preds Gold	#FFB81C
NYI	New York Islanders	Isles Orange	#F47D30	NYR	New York Rangers	Rangers Blue	#0038A8
NYI	New York Islanders	Isles Orange	#F47D30	OTT	Ottawa Senators	Sens Red	#C52032
NYI	New York Islanders	Isles Orange	#F47D30	PHI	Philadelphia Flyers	Black	#000000
NYI	New York Islanders	Isles Orange	#F47D30	PIT	Pittsburgh Penguins	Vegas Gold	#FCB514
NYI	New York Islanders	Isles Orange	#F47D30	SEA	Seattle Kraken	Ice Blue	#99D9D9
NYI	New York Islanders	Isles Orange	#F47D30	SJS	San Jose Sharks	Sharks Teal	#006D75
NYI	New York Islanders	Isles Orange	#F47D30	STL	St. Louis Blues	Blues Blue	#002F87
NYI	New York Islanders	Isles Orange	#F47D30	TBL	Tampa Bay Lightning	Bolts Blue	#002868
NYI	New York Islanders	Isles Orange	#F47D30	TOR	Toronto Maple Leafs	Leafs Blue	#00205B
NYI	New York Islanders	Isles Orange	#F47D30	UTA	Utah Mammoth	Mountain Blue	#7AB2E0
NYI	New York Islanders	Isles Orange	#F47D30	VAN	Vancouver Canucks	Canucks Blue	#00205B
NYI	New York Islanders	Isles Orange	#F47D30	VGK	Vegas Golden Knights	Knights Gold	#B4975A
NYI	New York Islanders	Isles Orange	#F47D30	WPG	Winnipeg Jets	Jets Navy	#041E42
NYI	New York Islanders	Isles Orange	#F47D30	WSH	Washington Capitals	Caps Red	#C8102E
NYR	New York Rangers	Rangers Blue	#0038A8	ANA	Anaheim Ducks	Ducks Orange	#F47A38
NYR	New York Rangers	Rangers Blue	#0038A8	BOS	Boston Bruins	Bruins Gold	#FFB81C
NYR	New York Rangers	Rangers Blue	#0038A8	BUF	Buffalo Sabres	Sabres Gold	#FFB81C
NYR	New York Rangers	Rangers Blue	#0038A8	CAR	Carolina Hurricanes	Hurricanes Red	#CC0000
NYR	New York Rangers	Rangers Blue	#0038A8	CBJ	Columbus Blue Jackets	Goal Red	#CE1126
NYR	New York Rangers	Rangers Blue	#0038A8	CGY	Calgary Flames	Flames Red	#C8102E
NYR	New York Rangers	Rangers Blue	#0038A8	CHI	Chicago Blackhawks	Blackhawks Red	#CF0A2C
NYR	New York Rangers	Rangers Blue	#0038A8	COL	Colorado Avalanche	Burgundy	#6F263D
NYR	New York Rangers	Rangers Blue	#0038A8	DAL	Dallas Stars	Victory Green	#006847
NYR	New York Rangers	Rangers Blue	#0038A8	DET	Detroit Red Wings	Wings Red	#CE1126
NYR	New York Rangers	Rangers Blue	#0038A8	EDM	Edmonton Oilers	Oilers Navy	#041E42
NYR	New York Rangers	Rangers Blue	#0038A8	FLA	Florida Panthers	Panthers Red	#C8102E
NYR	New York Rangers	Rangers Blue	#0038A8	LAK	Los Angeles Kings	Kings Black	#111111
NYR	New York Rangers	Rangers Blue	#0038A8	MIN	Minnesota Wild	Forest Green	#154734
NYR	New York Rangers	Rangers Blue	#0038A8	MTL	Montreal Canadiens	Habs Red	#AF1E2D
NYR	New York Rangers	Rangers Blue	#0038A8	NJD	New Jersey Devils	Devils Red	#CE1126
NYR	New York Rangers	Rangers Blue	#0038A8	NSH	Nashville Predators	Preds Gold	#FFB81C
NYR	New York Rangers	Rangers Blue	#0038A8	NYI	New York Islanders	Isles Orange	#F47D30
NYR	New York Rangers	Rangers Blue	#0038A8	OTT	Ottawa Senators	Sens Red	#C52032
NYR	New York Rangers	Rangers Blue	#0038A8	PHI	Philadelphia Flyers	Flyers Orange	#F74902
NYR	New York Rangers	Rangers Blue	#0038A8	PIT	Pittsburgh Penguins	Vegas Gold	#FCB514
NYR	New York Rangers	Rangers Blue	#0038A8	SEA	Seattle Kraken	Ice Blue	#99D9D9
NYR	New York Rangers	Rangers Blue	#0038A8	SJS	San Jose Sharks	Sharks Teal	#006D75
NYR	New York Rangers	Rangers Blue	#0038A8	STL	St. Louis Blues	Blues Gold	#FCB514
NYR	New York Rangers	Rangers Blue	#0038A8	TBL	Tampa Bay Lightning	White	#FFFFFF
NYR	New York Rangers	Rangers Blue	#0038A8	TOR	Toronto Maple Leafs	White	#FFFFFF
NYR	New York Rangers	Rangers Blue	#0038A8	UTA	Utah Mammoth	Mountain Blue	#7AB2E0
NYR	New York Rangers	Rangers Blue	#0038A8	VAN	Vancouver Canucks	Canucks Green	#00843D
NYR	New York Rangers	Rangers Blue	#0038A8	VGK	Vegas Golden Knights	Knights Gold	#B4975A
NYR	New York Rangers	Rangers Blue	#0038A8	WPG	Winnipeg Jets	Jets Red	#C8102E
NYR	New York Rangers	Rangers Blue	#0038A8	WSH	Washington Capitals	Caps Red	#C8102E
OTT	Ottawa Senators	Sens Red	#C52032	ANA	Anaheim Ducks	Ducks Orange	#F47A38
OTT	Ottawa Senators	Sens Red	#C52032	BOS	Boston Bruins	Bruins Gold	#FFB81C
OTT	Ottawa Senators	Sens Red	#C52032	BUF	Buffalo Sabres	Sabres Royal	#003087
OTT	Ottawa Senators	Sens Red	#C52032	CAR	Carolina Hurricanes	Black	#000000
OTT	Ottawa Senators	Sens Red	#C52032	CBJ	Columbus Blue Jackets	Union Blue	#002654
OTT	Ottawa Senators	Sens Red	#C52032	CGY	Calgary Flames	Flames Yellow	#F1BE48
OTT	Ottawa Senators	Sens Red	#C52032	CHI	Chicago Blackhawks	Black	#000000
OTT	Ottawa Senators	Sens Red	#C52032	COL	Colorado Avalanche	Steel Blue	#236192
OTT	Ottawa Senators	Sens Red	#C52032	DAL	Dallas Stars	Victory Green	#006847
OTT	Ottawa Senators	Sens Red	#C52032	DET	Detroit Red Wings	White	#FFFFFF
OTT	Ottawa Senators	Sens Red	#C52032	EDM	Edmonton Oilers	Oilers Navy	#041E42
OTT	Ottawa Senators	Sens Red	#C52032	FLA	Florida Panthers	Panthers Navy	#041E42
OTT	Ottawa Senators	Sens Red	#C52032	LAK	Los Angeles Kings	Kings Black	#111111
OTT	Ottawa Senators	Sens Red	#C52032	MIN	Minnesota Wild	Forest Green	#154734
OTT	Ottawa Senators	Sens Red	#C52032	MTL	Montreal Canadiens	Habs Blue	#192168
OTT	Ottawa Senators	Sens Red	#C52032	NJD	New Jersey Devils	Black	#000000
OTT	Ottawa Senators	Sens Red	#C52032	NSH	Nashville Predators	Preds Gold	#FFB81C
OTT	Ottawa Senators	Sens Red	#C52032	NYI	New York Islanders	Isles Orange	#F47D30
OTT	Ottawa Senators	Sens Red	#C52032	NYR	New York Rangers	Rangers Blue	#0038A8
OTT	Ottawa Senators	Sens Red	#C52032	PHI	Philadelphia Flyers	Flyers Orange	#F74902
OTT	Ottawa Senators	Sens Red	#C52032	PIT	Pittsburgh Penguins	Vegas Gold	#FCB514
OTT	Ottawa Senators	Sens Red	#C52032	SEA	Seattle Kraken	Ice Blue	#99D9D9
OTT	Ottawa Senators	Sens Red	#C52032	SJS	San Jose Sharks	Sharks Teal	#006D75
OTT	Ottawa Senators	Sens Red	#C52032	STL	St. Louis Blues	Blues Blue	#002F87
OTT	Ottawa Senators	Sens Red	#C52032	TBL	Tampa Bay Lightning	Bolts Blue	#002868
OTT	Ottawa Senators	Sens Red	#C52032	TOR	Toronto Maple Leafs	Leafs Blue	#00205B
OTT	Ottawa Senators	Sens Red	#C52032	UTA	Utah Mammoth	Mountain Blue	#7AB2E0
OTT	Ottawa Senators	Sens Red	#C52032	VAN	Vancouver Canucks	Canucks Blue	#00205B
OTT	Ottawa Senators	Sens Red	#C52032	VGK	Vegas Golden Knights	Knights Gold	#B4975A
OTT	Ottawa Senators	Sens Red	#C52032	WPG	Winnipeg Jets	Jets Navy	#041E42
OTT	Ottawa Senators	Sens Red	#C52032	WSH	Washington Capitals	Caps Navy	#041E42
PHI	Philadelphia Flyers	Flyers Orange	#F74902	ANA	Anaheim Ducks	Black	#000000
PHI	Philadelphia Flyers	Flyers Orange	#F74902	BOS	Boston Bruins	Bruins Gold	#FFB81C
PHI	Philadelphia Flyers	Flyers Orange	#F74902	BUF	Buffalo Sabres	Sabres Royal	#003087
PHI	Philadelphia Flyers	Flyers Orange	#F74902	CAR	Carolina Hurricanes	Hurricanes Red	#CC0000
PHI	Philadelphia Flyers	Flyers Orange	#F74902	CBJ	Columbus Blue Jackets	Union Blue	#002654
PHI	Philadelphia Flyers	Flyers Orange	#F74902	CGY	Calgary Flames	Flames Red	#C8102E
PHI	Philadelphia Flyers	Flyers Orange	#F74902	CHI	Chicago Blackhawks	Blackhawks Red	#CF0A2C
PHI	Philadelphia Flyers	Flyers Orange	#F74902	COL	Colorado Avalanche	Burgundy	#6F263D
PHI	Philadelphia Flyers	Flyers Orange	#F74902	DAL	Dallas Stars	Victory Green	#006847
PHI	Philadelphia Flyers	Flyers Orange	#F74902	DET	Detroit Red Wings	Wings Red	#CE1126
PHI	Philadelphia Flyers	Flyers Orange	#F74902	EDM	Edmonton Oilers	Oilers Orange	#FF4C00
PHI	Philadelphia Flyers	Flyers Orange	#F74902	FLA	Florida Panthers	Panthers Red	#C8102E
PHI	Philadelphia Flyers	Flyers Orange	#F74902	LAK	Los Angeles Kings	Kings Black	#111111
PHI	Philadelphia Flyers	Flyers Orange	#F74902	MIN	Minnesota Wild	Forest Green	#154734
PHI	Philadelphia Flyers	Flyers Orange	#F74902	MTL	Montreal Canadiens	Habs Red	#AF1E2D
PHI	Philadelphia Flyers	Flyers Orange	#F74902	NJD	New Jersey Devils	Devils Red	#CE1126
PHI	Philadelphia Flyers	Flyers Orange	#F74902	NSH	Nashville Predators	Preds Gold	#FFB81C
PHI	Philadelphia Flyers	Flyers Orange	#F74902	NYI	New York Islanders	Isles Royal	#00539B
PHI	Philadelphia Flyers	Flyers Orange	#F74902	NYR	New York Rangers	Rangers Blue	#0038A8
PHI	Philadelphia Flyers	Flyers Orange	#F74902	OTT	Ottawa Senators	Sens Red	#C52032
PHI	Philadelphia Flyers	Flyers Orange	#F74902	PIT	Pittsburgh Penguins	Vegas Gold	#FCB514
PHI	Philadelphia Flyers	Flyers Orange	#F74902	SEA	Seattle Kraken	Ice Blue	#99D9D9
PHI	Philadelphia Flyers	Flyers Orange	#F74902	SJS	San Jose Sharks	Sharks Teal	#006D75
PHI	Philadelphia Flyers	Flyers Orange	#F74902	STL	St. Louis Blues	Blues Blue	#002F87
PHI	Philadelphia Flyers	Flyers Orange	#F74902	TBL	Tampa Bay Lightning	Bolts Blue	#002868
PHI	Philadelphia Flyers	Flyers Orange	#F74902	TOR	Toronto Maple Leafs	Leafs Blue	#00205B
PHI	Philadelphia Flyers	Flyers Orange	#F74902	UTA	Utah Mammoth	Mountain Blue	#7AB2E0
PHI	Philadelphia Flyers	Flyers Orange	#F74902	VAN	Vancouver Canucks	Canucks Blue	#00205B
PHI	Philadelphia Flyers	Flyers Orange	#F74902	VGK	Vegas Golden Knights	Knights Gold	#B4975A
PHI	Philadelphia Flyers	Flyers Orange	#F74902	WPG	Winnipeg Jets	Jets Navy	#041E42
PHI	Philadelphia Flyers	Flyers Orange	#F74902	WSH	Washington Capitals	Caps Red	#C8102E
PIT	Pittsburgh Penguins	Vegas Gold	#FCB514	ANA	Anaheim Ducks	Ducks Orange	#F47A38
PIT	Pittsburgh Penguins	Vegas Gold	#FCB514	BOS	Boston Bruins	Black	#000000
PIT	Pittsburgh Penguins	Vegas Gold	#FCB514	BUF	Buffalo Sabres	Sabres Royal	#003087
PIT	Pittsburgh Penguins	Vegas Gold	#FCB514	CAR	Carolina Hurricanes	Hurricanes Red	#CC0000
PIT	Pittsburgh Penguins	Vegas Gold	#FCB514	CBJ	Columbus Blue Jackets	Union Blue	#002654
PIT	Pittsburgh Penguins	Vegas Gold	#FCB514	CGY	Calgary Flames	Flames Red	#C8102E
PIT	Pittsburgh Penguins	Vegas Gold	#FCB514	CHI	Chicago Blackhawks	Blackhawks Red	#CF0A2C
PIT	Pittsburgh Penguins	Vegas Gold	#FCB514	COL	Colorado Avalanche	Burgundy	#6F263D
PIT	Pittsburgh Penguins	Vegas Gold	#FCB514	DAL	Dallas Stars	Victory Green	#006847
PIT	Pittsburgh Penguins	Vegas Gold	#FCB514	DET	Detroit Red Wings	Wings Red	#CE1126
PIT	Pittsburgh Penguins	Vegas Gold	#FCB514	EDM	Edmonton Oilers	Oilers Navy	#041E42
PIT	Pittsburgh Penguins	Vegas Gold	#FCB514	FLA	Florida Panthers	Panthers Red	#C8102E
PIT	Pittsburgh Penguins	Vegas Gold	#FCB514	LAK	Los Angeles Kings	Kings Black	#111111
PIT	Pittsburgh Penguins	Vegas Gold	#FCB514	MIN	Minnesota Wild	Forest Green	#154734
PIT	Pittsburgh Penguins	Vegas Gold	#FCB514	MTL	Montreal Canadiens	Habs Red	#AF1E2D
PIT	Pittsburgh Penguins	Vegas Gold	#FCB514	NJD	New Jersey Devils	Devils Red	#CE1126
PIT	Pittsburgh Penguins	Vegas Gold	#FCB514	NSH	Nashville Predators	Preds Navy	#041E42
PIT	Pittsburgh Penguins	Vegas Gold	#FCB514	NYI	New York Islanders	Isles Orange	#F47D30
PIT	Pittsburgh Penguins	Vegas Gold	#FCB514	NYR	New York Rangers	Rangers Blue	#0038A8
PIT	Pittsburgh Penguins	Vegas Gold	#FCB514	OTT	Ottawa Senators	Sens Red	#C52032
PIT	Pittsburgh Penguins	Vegas Gold	#FCB514	PHI	Philadelphia Flyers	Flyers Orange	#F74902
PIT	Pittsburgh Penguins	Vegas Gold	#FCB514	SEA	Seattle Kraken	Ice Blue	#99D9D9
PIT	Pittsburgh Penguins	Vegas Gold	#FCB514	SJS	San Jose Sharks	Sharks Teal	#006D75
PIT	Pittsburgh Penguins	Vegas Gold	#FCB514	STL	St. Louis Blues	Blues Blue	#002F87
PIT	Pittsburgh Penguins	Vegas Gold	#FCB514	TBL	Tampa Bay Lightning	Bolts Blue	#002868
PIT	Pittsburgh Penguins	Vegas Gold	#FCB514	TOR	Toronto Maple Leafs	Leafs Blue	#00205B
PIT	Pittsburgh Penguins	Vegas Gold	#FCB514	UTA	Utah Mammoth	Mountain Blue	#7AB2E0
PIT	Pittsburgh Penguins	Vegas Gold	#FCB514	VAN	Vancouver Canucks	Canucks Blue	#00205B
PIT	Pittsburgh Penguins	Vegas Gold	#FCB514	VGK	Vegas Golden Knights	Steel Gray	#333F42
PIT	Pittsburgh Penguins	Vegas Gold	#FCB514	WPG	Winnipeg Jets	Jets Navy	#041E42
PIT	Pittsburgh Penguins	Vegas Gold	#FCB514	WSH	Washington Capitals	Caps Red	#C8102E
SEA	Seattle Kraken	Ice Blue	#99D9D9	ANA	Anaheim Ducks	Ducks Orange	#F47A38
SEA	Seattle Kraken	Ice Blue	#99D9D9	BOS	Boston Bruins	Bruins Gold	#FFB81C
SEA	Seattle Kraken	Ice Blue	#99D9D9	BUF	Buffalo Sabres	Sabres Royal	#003087
SEA	Seattle Kraken	Ice Blue	#99D9D9	CAR	Carolina Hurricanes	Hurricanes Red	#CC0000
SEA	Seattle Kraken	Ice Blue	#99D9D9	CBJ	Columbus Blue Jackets	Union Blue	#002654
SEA	Seattle Kraken	Ice Blue	#99D9D9	CGY	Calgary Flames	Flames Red	#C8102E
SEA	Seattle Kraken	Ice Blue	#99D9D9	CHI	Chicago Blackhawks	Blackhawks Red	#CF0A2C
SEA	Seattle Kraken	Ice Blue	#99D9D9	COL	Colorado Avalanche	Burgundy	#6F263D
SEA	Seattle Kraken	Ice Blue	#99D9D9	DAL	Dallas Stars	Victory Green	#006847
SEA	Seattle Kraken	Ice Blue	#99D9D9	DET	Detroit Red Wings	Wings Red	#CE1126
SEA	Seattle Kraken	Ice Blue	#99D9D9	EDM	Edmonton Oilers	Oilers Navy	#041E42
SEA	Seattle Kraken	Ice Blue	#99D9D9	FLA	Florida Panthers	Panthers Red	#C8102E
SEA	Seattle Kraken	Ice Blue	#99D9D9	LAK	Los Angeles Kings	Kings Black	#111111
SEA	Seattle Kraken	Ice Blue	#99D9D9	MIN	Minnesota Wild	Forest Green	#154734
SEA	Seattle Kraken	Ice Blue	#99D9D9	MTL	Montreal Canadiens	Habs Red	#AF1E2D
SEA	Seattle Kraken	Ice Blue	#99D9D9	NJD	New Jersey Devils	Devils Red	#CE1126
SEA	Seattle Kraken	Ice Blue	#99D9D9	NSH	Nashville Predators	Preds Gold	#FFB81C
SEA	Seattle Kraken	Ice Blue	#99D9D9	NYI	New York Islanders	Isles Orange	#F47D30
SEA	Seattle Kraken	Ice Blue	#99D9D9	NYR	New York Rangers	Rangers Blue	#0038A8
SEA	Seattle Kraken	Ice Blue	#99D9D9	OTT	Ottawa Senators	Sens Red	#C52032
SEA	Seattle Kraken	Ice Blue	#99D9D9	PHI	Philadelphia Flyers	Flyers Orange	#F74902
SEA	Seattle Kraken	Ice Blue	#99D9D9	PIT	Pittsburgh Penguins	Vegas Gold	#FCB514
SEA	Seattle Kraken	Ice Blue	#99D9D9	SJS	San Jose Sharks	Sharks Teal	#006D75
SEA	Seattle Kraken	Ice Blue	#99D9D9	STL	St. Louis Blues	Blues Blue	#002F87
SEA	Seattle Kraken	Ice Blue	#99D9D9	TBL	Tampa Bay Lightning	Bolts Blue	#002868
SEA	Seattle Kraken	Ice Blue	#99D9D9	TOR	Toronto Maple Leafs	Leafs Blue	#00205B
SEA	Seattle Kraken	Ice Blue	#99D9D9	UTA	Utah Mammoth	Rock Black	#010101
SEA	Seattle Kraken	Ice Blue	#99D9D9	VAN	Vancouver Canucks	Canucks Blue	#00205B
SEA	Seattle Kraken	Ice Blue	#99D9D9	VGK	Vegas Golden Knights	Knights Gold	#B4975A
SEA	Seattle Kraken	Ice Blue	#99D9D9	WPG	Winnipeg Jets	Jets Navy	#041E42
SEA	Seattle Kraken	Ice Blue	#99D9D9	WSH	Washington Capitals	Caps Red	#C8102E
SJS	San Jose Sharks	Sharks Teal	#006D75	ANA	Anaheim Ducks	Ducks Orange	#F47A38
SJS	San Jose Sharks	Sharks Teal	#006D75	BOS	Boston Bruins	Bruins Gold	#FFB81C
SJS	San Jose Sharks	Sharks Teal	#006D75	BUF	Buffalo Sabres	Sabres Royal	#003087
SJS	San Jose Sharks	Sharks Teal	#006D75	CAR	Carolina Hurricanes	Hurricanes Red	#CC0000
SJS	San Jose Sharks	Sharks Teal	#006D75	CBJ	Columbus Blue Jackets	Union Blue	#002654
SJS	San Jose Sharks	Sharks Teal	#006D75	CGY	Calgary Flames	Flames Red	#C8102E
SJS	San Jose Sharks	Sharks Teal	#006D75	CHI	Chicago Blackhawks	Blackhawks Red	#CF0A2C
SJS	San Jose Sharks	Sharks Teal	#006D75	COL	Colorado Avalanche	Burgundy	#6F263D
SJS	San Jose Sharks	Sharks Teal	#006D75	DAL	Dallas Stars	Victory Green	#006847
SJS	San Jose Sharks	Sharks Teal	#006D75	DET	Detroit Red Wings	Wings Red	#CE1126
SJS	San Jose Sharks	Sharks Teal	#006D75	EDM	Edmonton Oilers	Oilers Navy	#041E42
SJS	San Jose Sharks	Sharks Teal	#006D75	FLA	Florida Panthers	Panthers Red	#C8102E
SJS	San Jose Sharks	Sharks Teal	#006D75	LAK	Los Angeles Kings	Kings Black	#111111
SJS	San Jose Sharks	Sharks Teal	#006D75	MIN	Minnesota Wild	Forest Green	#154734
SJS	San Jose Sharks	Sharks Teal	#006D75	MTL	Montreal Canadiens	Habs Red	#AF1E2D
SJS	San Jose Sharks	Sharks Teal	#006D75	NJD	New Jersey Devils	Devils Red	#CE1126
SJS	San Jose Sharks	Sharks Teal	#006D75	NSH	Nashville Predators	Preds Gold	#FFB81C
SJS	San Jose Sharks	Sharks Teal	#006D75	NYI	New York Islanders	Isles Orange	#F47D30
SJS	San Jose Sharks	Sharks Teal	#006D75	NYR	New York Rangers	Rangers Blue	#0038A8
SJS	San Jose Sharks	Sharks Teal	#006D75	OTT	Ottawa Senators	Sens Red	#C52032
SJS	San Jose Sharks	Sharks Teal	#006D75	PHI	Philadelphia Flyers	Flyers Orange	#F74902
SJS	San Jose Sharks	Sharks Teal	#006D75	PIT	Pittsburgh Penguins	Vegas Gold	#FCB514
SJS	San Jose Sharks	Sharks Teal	#006D75	SEA	Seattle Kraken	Ice Blue	#99D9D9
SJS	San Jose Sharks	Sharks Teal	#006D75	STL	St. Louis Blues	Blues Blue	#002F87
SJS	San Jose Sharks	Sharks Teal	#006D75	TBL	Tampa Bay Lightning	Bolts Blue	#002868
SJS	San Jose Sharks	Sharks Teal	#006D75	TOR	Toronto Maple Leafs	Leafs Blue	#00205B
SJS	San Jose Sharks	Sharks Teal	#006D75	UTA	Utah Mammoth	Mountain Blue	#7AB2E0
SJS	San Jose Sharks	Sharks Teal	#006D75	VAN	Vancouver Canucks	Canucks Blue	#00205B
SJS	San Jose Sharks	Sharks Teal	#006D75	VGK	Vegas Golden Knights	Knights Gold	#B4975A
SJS	San Jose Sharks	Sharks Teal	#006D75	WPG	Winnipeg Jets	Jets Navy	#041E42
SJS	San Jose Sharks	Sharks Teal	#006D75	WSH	Washington Capitals	Caps Red	#C8102E
STL	St. Louis Blues	Blues Blue	#002F87	ANA	Anaheim Ducks	Ducks Orange	#F47A38
STL	St. Louis Blues	Blues Blue	#002F87	BOS	Boston Bruins	Bruins Gold	#FFB81C
STL	St. Louis Blues	Blues Blue	#002F87	BUF	Buffalo Sabres	Sabres Gold	#FFB81C
STL	St. Louis Blues	Blues Blue	#002F87	CAR	Carolina Hurricanes	Hurricanes Red	#CC0000
STL	St. Louis Blues	Blues Blue	#002F87	CBJ	Columbus Blue Jackets	Goal Red	#CE1126
STL	St. Louis Blues	Blues Blue	#002F87	CGY	Calgary Flames	Flames Red	#C8102E
STL	St. Louis Blues	Blues Blue	#002F87	CHI	Chicago Blackhawks	Blackhawks Red	#CF0A2C
STL	St. Louis Blues	Blues Blue	#002F87	COL	Colorado Avalanche	Burgundy	#6F263D
STL	St. Louis Blues	Blues Blue	#002F87	DAL	Dallas Stars	Victory Green	#006847
STL	St. Louis Blues	Blues Blue	#002F87	DET	Detroit Red Wings	Wings Red	#CE1126
STL	St. Louis Blues	Blues Blue	#002F87	EDM	Edmonton Oilers	Oilers Navy	#041E42
STL	St. Louis Blues	Blues Blue	#002F87	FLA	Florida Panthers	Panthers Red	#C8102E
STL	St. Louis Blues	Blues Blue	#002F87	LAK	Los Angeles Kings	Kings Black	#111111
STL	St. Louis Blues	Blues Blue	#002F87	MIN	Minnesota Wild	Forest Green	#154734
STL	St. Louis Blues	Blues Blue	#002F87	MTL	Montreal Canadiens	Habs Red	#AF1E2D
STL	St. Louis Blues	Blues Blue	#002F87	NJD	New Jersey Devils	Devils Red	#CE1126
STL	St. Louis Blues	Blues Blue	#002F87	NSH	Nashville Predators	Preds Gold	#FFB81C
STL	St. Louis Blues	Blues Blue	#002F87	NYI	New York Islanders	Isles Orange	#F47D30
STL	St. Louis Blues	Blues Blue	#002F87	NYR	New York Rangers	Rangers Red	#CE1126
STL	St. Louis Blues	Blues Blue	#002F87	OTT	Ottawa Senators	Sens Red	#C52032
STL	St. Louis Blues	Blues Blue	#002F87	PHI	Philadelphia Flyers	Flyers Orange	#F74902
STL	St. Louis Blues	Blues Blue	#002F87	PIT	Pittsburgh Penguins	Vegas Gold	#FCB514
STL	St. Louis Blues	Blues Blue	#002F87	SEA	Seattle Kraken	Ice Blue	#99D9D9
STL	St. Louis Blues	Blues Blue	#002F87	SJS	San Jose Sharks	Sharks Teal	#006D75
STL	St. Louis Blues	Blues Blue	#002F87	TBL	Tampa Bay Lightning	White	#FFFFFF
STL	St. Louis Blues	Blues Blue	#002F87	TOR	Toronto Maple Leafs	White	#FFFFFF
STL	St. Louis Blues	Blues Blue	#002F87	UTA	Utah Mammoth	Mountain Blue	#7AB2E0
STL	St. Louis Blues	Blues Blue	#002F87	VAN	Vancouver Canucks	Canucks Green	#00843D
STL	St. Louis Blues	Blues Blue	#002F87	VGK	Vegas Golden Knights	Knights Gold	#B4975A
STL	St. Louis Blues	Blues Blue	#002F87	WPG	Winnipeg Jets	Jets Red	#C8102E
STL	St. Louis Blues	Blues Blue	#002F87	WSH	Washington Capitals	Caps Red	#C8102E
TBL	Tampa Bay Lightning	Bolts Blue	#002868	ANA	Anaheim Ducks	Ducks Orange	#F47A38
TBL	Tampa Bay Lightning	Bolts Blue	#002868	BOS	Boston Bruins	Bruins Gold	#FFB81C
TBL	Tampa Bay Lightning	Bolts Blue	#002868	BUF	Buffalo Sabres	Sabres Gold	#FFB81C
TBL	Tampa Bay Lightning	Bolts Blue	#002868	CAR	Carolina Hurricanes	Hurricanes Red	#CC0000
TBL	Tampa Bay Lightning	Bolts Blue	#002868	CBJ	Columbus Blue Jackets	Goal Red	#CE1126
TBL	Tampa Bay Lightning	Bolts Blue	#002868	CGY	Calgary Flames	Flames Red	#C8102E
TBL	Tampa Bay Lightning	Bolts Blue	#002868	CHI	Chicago Blackhawks	Blackhawks Red	#CF0A2C
TBL	Tampa Bay Lightning	Bolts Blue	#002868	COL	Colorado Avalanche	Burgundy	#6F263D
TBL	Tampa Bay Lightning	Bolts Blue	#002868	DAL	Dallas Stars	Victory Green	#006847
TBL	Tampa Bay Lightning	Bolts Blue	#002868	DET	Detroit Red Wings	Wings Red	#CE1126
TBL	Tampa Bay Lightning	Bolts Blue	#002868	EDM	Edmonton Oilers	Oilers Navy	#041E42
TBL	Tampa Bay Lightning	Bolts Blue	#002868	FLA	Florida Panthers	Panthers Red	#C8102E
TBL	Tampa Bay Lightning	Bolts Blue	#002868	LAK	Los Angeles Kings	Kings Black	#111111
TBL	Tampa Bay Lightning	Bolts Blue	#002868	MIN	Minnesota Wild	Forest Green	#154734
TBL	Tampa Bay Lightning	Bolts Blue	#002868	MTL	Montreal Canadiens	Habs Red	#AF1E2D
TBL	Tampa Bay Lightning	Bolts Blue	#002868	NJD	New Jersey Devils	Devils Red	#CE1126
TBL	Tampa Bay Lightning	Bolts Blue	#002868	NSH	Nashville Predators	Preds Gold	#FFB81C
TBL	Tampa Bay Lightning	Bolts Blue	#002868	NYI	New York Islanders	Isles Orange	#F47D30
TBL	Tampa Bay Lightning	Bolts Blue	#002868	NYR	New York Rangers	Rangers Red	#CE1126
TBL	Tampa Bay Lightning	Bolts Blue	#002868	OTT	Ottawa Senators	Sens Red	#C52032
TBL	Tampa Bay Lightning	Bolts Blue	#002868	PHI	Philadelphia Flyers	Flyers Orange	#F74902
TBL	Tampa Bay Lightning	Bolts Blue	#002868	PIT	Pittsburgh Penguins	Vegas Gold	#FCB514
TBL	Tampa Bay Lightning	Bolts Blue	#002868	SEA	Seattle Kraken	Ice Blue	#99D9D9
TBL	Tampa Bay Lightning	Bolts Blue	#002868	SJS	San Jose Sharks	Sharks Teal	#006D75
TBL	Tampa Bay Lightning	Bolts Blue	#002868	STL	St. Louis Blues	Blues Gold	#FCB514
TBL	Tampa Bay Lightning	Bolts Blue	#002868	TOR	Toronto Maple Leafs	White	#FFFFFF
TBL	Tampa Bay Lightning	Bolts Blue	#002868	UTA	Utah Mammoth	Mountain Blue	#7AB2E0
TBL	Tampa Bay Lightning	Bolts Blue	#002868	VAN	Vancouver Canucks	Canucks Green	#00843D
TBL	Tampa Bay Lightning	Bolts Blue	#002868	VGK	Vegas Golden Knights	Knights Gold	#B4975A
TBL	Tampa Bay Lightning	Bolts Blue	#002868	WPG	Winnipeg Jets	Jets Red	#C8102E
TBL	Tampa Bay Lightning	Bolts Blue	#002868	WSH	Washington Capitals	Caps Red	#C8102E
TOR	Toronto Maple Leafs	Leafs Blue	#00205B	ANA	Anaheim Ducks	Ducks Orange	#F47A38
TOR	Toronto Maple Leafs	Leafs Blue	#00205B	BOS	Boston Bruins	Bruins Gold	#FFB81C
TOR	Toronto Maple Leafs	Leafs Blue	#00205B	BUF	Buffalo Sabres	Sabres Gold	#FFB81C
TOR	Toronto Maple Leafs	Leafs Blue	#00205B	CAR	Carolina Hurricanes	Hurricanes Red	#CC0000
TOR	Toronto Maple Leafs	Leafs Blue	#00205B	CBJ	Columbus Blue Jackets	Goal Red	#CE1126
TOR	Toronto Maple Leafs	Leafs Blue	#00205B	CGY	Calgary Flames	Flames Red	#C8102E
TOR	Toronto Maple Leafs	Leafs Blue	#00205B	CHI	Chicago Blackhawks	Blackhawks Red	#CF0A2C
TOR	Toronto Maple Leafs	Leafs Blue	#00205B	COL	Colorado Avalanche	Burgundy	#6F263D
TOR	Toronto Maple Leafs	Leafs Blue	#00205B	DAL	Dallas Stars	Victory Green	#006847
TOR	Toronto Maple Leafs	Leafs Blue	#00205B	DET	Detroit Red Wings	Wings Red	#CE1126
TOR	Toronto Maple Leafs	Leafs Blue	#00205B	EDM	Edmonton Oilers	Oilers Navy	#041E42
TOR	Toronto Maple Leafs	Leafs Blue	#00205B	FLA	Florida Panthers	Panthers Red	#C8102E
TOR	Toronto Maple Leafs	Leafs Blue	#00205B	LAK	Los Angeles Kings	Kings Black	#111111
TOR	Toronto Maple Leafs	Leafs Blue	#00205B	MIN	Minnesota Wild	Forest Green	#154734
TOR	Toronto Maple Leafs	Leafs Blue	#00205B	MTL	Montreal Canadiens	Habs Red	#AF1E2D
TOR	Toronto Maple Leafs	Leafs Blue	#00205B	NJD	New Jersey Devils	Devils Red	#CE1126
TOR	Toronto Maple Leafs	Leafs Blue	#00205B	NSH	Nashville Predators	Preds Gold	#FFB81C
TOR	Toronto Maple Leafs	Leafs Blue	#00205B	NYI	New York Islanders	Isles Orange	#F47D30
TOR	Toronto Maple Leafs	Leafs Blue	#00205B	NYR	New York Rangers	Rangers Red	#CE1126
TOR	Toronto Maple Leafs	Leafs Blue	#00205B	OTT	Ottawa Senators	Sens Red	#C52032
TOR	Toronto Maple Leafs	Leafs Blue	#00205B	PHI	Philadelphia Flyers	Flyers Orange	#F74902
TOR	Toronto Maple Leafs	Leafs Blue	#00205B	PIT	Pittsburgh Penguins	Vegas Gold	#FCB514
TOR	Toronto Maple Leafs	Leafs Blue	#00205B	SEA	Seattle Kraken	Ice Blue	#99D9D9
TOR	Toronto Maple Leafs	Leafs Blue	#00205B	SJS	San Jose Sharks	Sharks Teal	#006D75
TOR	Toronto Maple Leafs	Leafs Blue	#00205B	STL	St. Louis Blues	Blues Gold	#FCB514
TOR	Toronto Maple Leafs	Leafs Blue	#00205B	TBL	Tampa Bay Lightning	White	#FFFFFF
TOR	Toronto Maple Leafs	Leafs Blue	#00205B	UTA	Utah Mammoth	Mountain Blue	#7AB2E0
TOR	Toronto Maple Leafs	Leafs Blue	#00205B	VAN	Vancouver Canucks	Canucks Green	#00843D
TOR	Toronto Maple Leafs	Leafs Blue	#00205B	VGK	Vegas Golden Knights	Knights Gold	#B4975A
TOR	Toronto Maple Leafs	Leafs Blue	#00205B	WPG	Winnipeg Jets	Jets Red	#C8102E
TOR	Toronto Maple Leafs	Leafs Blue	#00205B	WSH	Washington Capitals	Caps Red	#C8102E
UTA	Utah Mammoth	Mountain Blue	#7AB2E0	ANA	Anaheim Ducks	Ducks Orange	#F47A38
UTA	Utah Mammoth	Mountain Blue	#7AB2E0	BOS	Boston Bruins	Bruins Gold	#FFB81C
UTA	Utah Mammoth	Mountain Blue	#7AB2E0	BUF	Buffalo Sabres	Sabres Royal	#003087
UTA	Utah Mammoth	Mountain Blue	#7AB2E0	CAR	Carolina Hurricanes	Hurricanes Red	#CC0000
UTA	Utah Mammoth	Mountain Blue	#7AB2E0	CBJ	Columbus Blue Jackets	Union Blue	#002654
UTA	Utah Mammoth	Mountain Blue	#7AB2E0	CGY	Calgary Flames	Flames Red	#C8102E
UTA	Utah Mammoth	Mountain Blue	#7AB2E0	CHI	Chicago Blackhawks	Blackhawks Red	#CF0A2C
UTA	Utah Mammoth	Mountain Blue	#7AB2E0	COL	Colorado Avalanche	Burgundy	#6F263D
UTA	Utah Mammoth	Mountain Blue	#7AB2E0	DAL	Dallas Stars	Victory Green	#006847
UTA	Utah Mammoth	Mountain Blue	#7AB2E0	DET	Detroit Red Wings	Wings Red	#CE1126
UTA	Utah Mammoth	Mountain Blue	#7AB2E0	EDM	Edmonton Oilers	Oilers Navy	#041E42
UTA	Utah Mammoth	Mountain Blue	#7AB2E0	FLA	Florida Panthers	Panthers Red	#C8102E
UTA	Utah Mammoth	Mountain Blue	#7AB2E0	LAK	Los Angeles Kings	Kings Black	#111111
UTA	Utah Mammoth	Mountain Blue	#7AB2E0	MIN	Minnesota Wild	Forest Green	#154734
UTA	Utah Mammoth	Mountain Blue	#7AB2E0	MTL	Montreal Canadiens	Habs Red	#AF1E2D
UTA	Utah Mammoth	Mountain Blue	#7AB2E0	NJD	New Jersey Devils	Devils Red	#CE1126
UTA	Utah Mammoth	Mountain Blue	#7AB2E0	NSH	Nashville Predators	Preds Gold	#FFB81C
UTA	Utah Mammoth	Mountain Blue	#7AB2E0	NYI	New York Islanders	Isles Orange	#F47D30
UTA	Utah Mammoth	Mountain Blue	#7AB2E0	NYR	New York Rangers	Rangers Blue	#0038A8
UTA	Utah Mammoth	Mountain Blue	#7AB2E0	OTT	Ottawa Senators	Sens Red	#C52032
UTA	Utah Mammoth	Mountain Blue	#7AB2E0	PHI	Philadelphia Flyers	Flyers Orange	#F74902
UTA	Utah Mammoth	Mountain Blue	#7AB2E0	PIT	Pittsburgh Penguins	Vegas Gold	#FCB514
UTA	Utah Mammoth	Mountain Blue	#7AB2E0	SEA	Seattle Kraken	Deep Sea Blue	#001628
UTA	Utah Mammoth	Mountain Blue	#7AB2E0	SJS	San Jose Sharks	Sharks Teal	#006D75
UTA	Utah Mammoth	Mountain Blue	#7AB2E0	STL	St. Louis Blues	Blues Blue	#002F87
UTA	Utah Mammoth	Mountain Blue	#7AB2E0	TBL	Tampa Bay Lightning	Bolts Blue	#002868
UTA	Utah Mammoth	Mountain Blue	#7AB2E0	TOR	Toronto Maple Leafs	Leafs Blue	#00205B
UTA	Utah Mammoth	Mountain Blue	#7AB2E0	VAN	Vancouver Canucks	Canucks Blue	#00205B
UTA	Utah Mammoth	Mountain Blue	#7AB2E0	VGK	Vegas Golden Knights	Knights Gold	#B4975A
UTA	Utah Mammoth	Mountain Blue	#7AB2E0	WPG	Winnipeg Jets	Jets Navy	#041E42
UTA	Utah Mammoth	Mountain Blue	#7AB2E0	WSH	Washington Capitals	Caps Red	#C8102E
VAN	Vancouver Canucks	Canucks Blue	#00205B	ANA	Anaheim Ducks	Ducks Orange	#F47A38
VAN	Vancouver Canucks	Canucks Blue	#00205B	BOS	Boston Bruins	Bruins Gold	#FFB81C
VAN	Vancouver Canucks	Canucks Blue	#00205B	BUF	Buffalo Sabres	Sabres Gold	#FFB81C
VAN	Vancouver Canucks	Canucks Blue	#00205B	CAR	Carolina Hurricanes	Hurricanes Red	#CC0000
VAN	Vancouver Canucks	Canucks Blue	#00205B	CBJ	Columbus Blue Jackets	Goal Red	#CE1126
VAN	Vancouver Canucks	Canucks Blue	#00205B	CGY	Calgary Flames	Flames Red	#C8102E
VAN	Vancouver Canucks	Canucks Blue	#00205B	CHI	Chicago Blackhawks	Blackhawks Red	#CF0A2C
VAN	Vancouver Canucks	Canucks Blue	#00205B	COL	Colorado Avalanche	Burgundy	#6F263D
VAN	Vancouver Canucks	Canucks Blue	#00205B	DAL	Dallas Stars	Victory Green	#006847
VAN	Vancouver Canucks	Canucks Blue	#00205B	DET	Detroit Red Wings	Wings Red	#CE1126
VAN	Vancouver Canucks	Canucks Blue	#00205B	EDM	Edmonton Oilers	Oilers Navy	#041E42
VAN	Vancouver Canucks	Canucks Blue	#00205B	FLA	Florida Panthers	Panthers Red	#C8102E
VAN	Vancouver Canucks	Canucks Blue	#00205B	LAK	Los Angeles Kings	Kings Black	#111111
VAN	Vancouver Canucks	Canucks Blue	#00205B	MIN	Minnesota Wild	Forest Green	#154734
VAN	Vancouver Canucks	Canucks Blue	#00205B	MTL	Montreal Canadiens	Habs Red	#AF1E2D
VAN	Vancouver Canucks	Canucks Blue	#00205B	NJD	New Jersey Devils	Devils Red	#CE1126
VAN	Vancouver Canucks	Canucks Blue	#00205B	NSH	Nashville Predators	Preds Gold	#FFB81C
VAN	Vancouver Canucks	Canucks Blue	#00205B	NYI	New York Islanders	Isles Orange	#F47D30
VAN	Vancouver Canucks	Canucks Blue	#00205B	NYR	New York Rangers	Rangers Red	#CE1126
VAN	Vancouver Canucks	Canucks Blue	#00205B	OTT	Ottawa Senators	Sens Red	#C52032
VAN	Vancouver Canucks	Canucks Blue	#00205B	PHI	Philadelphia Flyers	Flyers Orange	#F74902
VAN	Vancouver Canucks	Canucks Blue	#00205B	PIT	Pittsburgh Penguins	Vegas Gold	#FCB514
VAN	Vancouver Canucks	Canucks Blue	#00205B	SEA	Seattle Kraken	Ice Blue	#99D9D9
VAN	Vancouver Canucks	Canucks Blue	#00205B	SJS	San Jose Sharks	Sharks Teal	#006D75
VAN	Vancouver Canucks	Canucks Blue	#00205B	STL	St. Louis Blues	Blues Gold	#FCB514
VAN	Vancouver Canucks	Canucks Blue	#00205B	TBL	Tampa Bay Lightning	White	#FFFFFF
VAN	Vancouver Canucks	Canucks Blue	#00205B	TOR	Toronto Maple Leafs	White	#FFFFFF
VAN	Vancouver Canucks	Canucks Blue	#00205B	UTA	Utah Mammoth	Mountain Blue	#7AB2E0
VAN	Vancouver Canucks	Canucks Blue	#00205B	VGK	Vegas Golden Knights	Knights Gold	#B4975A
VAN	Vancouver Canucks	Canucks Blue	#00205B	WPG	Winnipeg Jets	Jets Red	#C8102E
VAN	Vancouver Canucks	Canucks Blue	#00205B	WSH	Washington Capitals	Caps Red	#C8102E
VGK	Vegas Golden Knights	Knights Gold	#B4975A	ANA	Anaheim Ducks	Ducks Orange	#F47A38
VGK	Vegas Golden Knights	Knights Gold	#B4975A	BOS	Boston Bruins	Black	#000000
VGK	Vegas Golden Knights	Knights Gold	#B4975A	BUF	Buffalo Sabres	Sabres Royal	#003087
VGK	Vegas Golden Knights	Knights Gold	#B4975A	CAR	Carolina Hurricanes	Hurricanes Red	#CC0000
VGK	Vegas Golden Knights	Knights Gold	#B4975A	CBJ	Columbus Blue Jackets	Union Blue	#002654
VGK	Vegas Golden Knights	Knights Gold	#B4975A	CGY	Calgary Flames	Flames Red	#C8102E
VGK	Vegas Golden Knights	Knights Gold	#B4975A	CHI	Chicago Blackhawks	Blackhawks Red	#CF0A2C
VGK	Vegas Golden Knights	Knights Gold	#B4975A	COL	Colorado Avalanche	Burgundy	#6F263D
VGK	Vegas Golden Knights	Knights Gold	#B4975A	DAL	Dallas Stars	Victory Green	#006847
VGK	Vegas Golden Knights	Knights Gold	#B4975A	DET	Detroit Red Wings	Wings Red	#CE1126
VGK	Vegas Golden Knights	Knights Gold	#B4975A	EDM	Edmonton Oilers	Oilers Navy	#041E42
VGK	Vegas Golden Knights	Knights Gold	#B4975A	FLA	Florida Panthers	Panthers Red	#C8102E
VGK	Vegas Golden Knights	Knights Gold	#B4975A	LAK	Los Angeles Kings	Kings Black	#111111
VGK	Vegas Golden Knights	Knights Gold	#B4975A	MIN	Minnesota Wild	Forest Green	#154734
VGK	Vegas Golden Knights	Knights Gold	#B4975A	MTL	Montreal Canadiens	Habs Red	#AF1E2D
VGK	Vegas Golden Knights	Knights Gold	#B4975A	NJD	New Jersey Devils	Devils Red	#CE1126
VGK	Vegas Golden Knights	Knights Gold	#B4975A	NSH	Nashville Predators	Preds Navy	#041E42
VGK	Vegas Golden Knights	Knights Gold	#B4975A	NYI	New York Islanders	Isles Orange	#F47D30
VGK	Vegas Golden Knights	Knights Gold	#B4975A	NYR	New York Rangers	Rangers Blue	#0038A8
VGK	Vegas Golden Knights	Knights Gold	#B4975A	OTT	Ottawa Senators	Sens Red	#C52032
VGK	Vegas Golden Knights	Knights Gold	#B4975A	PHI	Philadelphia Flyers	Flyers Orange	#F74902
VGK	Vegas Golden Knights	Knights Gold	#B4975A	PIT	Pittsburgh Penguins	Black	#000000
VGK	Vegas Golden Knights	Knights Gold	#B4975A	SEA	Seattle Kraken	Ice Blue	#99D9D9
VGK	Vegas Golden Knights	Knights Gold	#B4975A	SJS	San Jose Sharks	Sharks Teal	#006D75
VGK	Vegas Golden Knights	Knights Gold	#B4975A	STL	St. Louis Blues	Blues Blue	#002F87
VGK	Vegas Golden Knights	Knights Gold	#B4975A	TBL	Tampa Bay Lightning	Bolts Blue	#002868
VGK	Vegas Golden Knights	Knights Gold	#B4975A	TOR	Toronto Maple Leafs	Leafs Blue	#00205B
VGK	Vegas Golden Knights	Knights Gold	#B4975A	UTA	Utah Mammoth	Mountain Blue	#7AB2E0
VGK	Vegas Golden Knights	Knights Gold	#B4975A	VAN	Vancouver Canucks	Canucks Blue	#00205B
VGK	Vegas Golden Knights	Knights Gold	#B4975A	WPG	Winnipeg Jets	Jets Navy	#041E42
VGK	Vegas Golden Knights	Knights Gold	#B4975A	WSH	Washington Capitals	Caps Red	#C8102E
WPG	Winnipeg Jets	Jets Navy	#041E42	ANA	Anaheim Ducks	Ducks Orange	#F47A38
WPG	Winnipeg Jets	Jets Navy	#041E42	BOS	Boston Bruins	Bruins Gold	#FFB81C
WPG	Winnipeg Jets	Jets Navy	#041E42	BUF	Buffalo Sabres	Sabres Gold	#FFB81C
WPG	Winnipeg Jets	Jets Navy	#041E42	CAR	Carolina Hurricanes	Hurricanes Red	#CC0000
WPG	Winnipeg Jets	Jets Navy	#041E42	CBJ	Columbus Blue Jackets	Goal Red	#CE1126
WPG	Winnipeg Jets	Jets Navy	#041E42	CGY	Calgary Flames	Flames Red	#C8102E
WPG	Winnipeg Jets	Jets Navy	#041E42	CHI	Chicago Blackhawks	Blackhawks Red	#CF0A2C
WPG	Winnipeg Jets	Jets Navy	#041E42	COL	Colorado Avalanche	Burgundy	#6F263D
WPG	Winnipeg Jets	Jets Navy	#041E42	DAL	Dallas Stars	Victory Green	#006847
WPG	Winnipeg Jets	Jets Navy	#041E42	DET	Detroit Red Wings	Wings Red	#CE1126
WPG	Winnipeg Jets	Jets Navy	#041E42	EDM	Edmonton Oilers	Oilers Navy	#041E42
WPG	Winnipeg Jets	Jets Navy	#041E42	FLA	Florida Panthers	Panthers Red	#C8102E
WPG	Winnipeg Jets	Jets Navy	#041E42	LAK	Los Angeles Kings	Kings Black	#111111
WPG	Winnipeg Jets	Jets Navy	#041E42	MIN	Minnesota Wild	Forest Green	#154734
WPG	Winnipeg Jets	Jets Navy	#041E42	MTL	Montreal Canadiens	Habs Red	#AF1E2D
WPG	Winnipeg Jets	Jets Navy	#041E42	NJD	New Jersey Devils	Devils Red	#CE1126
WPG	Winnipeg Jets	Jets Navy	#041E42	NSH	Nashville Predators	Preds Gold	#FFB81C
WPG	Winnipeg Jets	Jets Navy	#041E42	NYI	New York Islanders	Isles Orange	#F47D30
WPG	Winnipeg Jets	Jets Navy	#041E42	NYR	New York Rangers	Rangers Red	#CE1126
WPG	Winnipeg Jets	Jets Navy	#041E42	OTT	Ottawa Senators	Sens Red	#C52032
WPG	Winnipeg Jets	Jets Navy	#041E42	PHI	Philadelphia Flyers	Flyers Orange	#F74902
WPG	Winnipeg Jets	Jets Navy	#041E42	PIT	Pittsburgh Penguins	Vegas Gold	#FCB514
WPG	Winnipeg Jets	Jets Navy	#041E42	SEA	Seattle Kraken	Ice Blue	#99D9D9
WPG	Winnipeg Jets	Jets Navy	#041E42	SJS	San Jose Sharks	Sharks Teal	#006D75
WPG	Winnipeg Jets	Jets Navy	#041E42	STL	St. Louis Blues	Blues Gold	#FCB514
WPG	Winnipeg Jets	Jets Navy	#041E42	TBL	Tampa Bay Lightning	White	#FFFFFF
WPG	Winnipeg Jets	Jets Navy	#041E42	TOR	Toronto Maple Leafs	White	#FFFFFF
WPG	Winnipeg Jets	Jets Navy	#041E42	UTA	Utah Mammoth	Mountain Blue	#7AB2E0
WPG	Winnipeg Jets	Jets Navy	#041E42	VAN	Vancouver Canucks	Canucks Green	#00843D
WPG	Winnipeg Jets	Jets Navy	#041E42	VGK	Vegas Golden Knights	Knights Gold	#B4975A
WPG	Winnipeg Jets	Jets Navy	#041E42	WSH	Washington Capitals	Caps Red	#C8102E
WSH	Washington Capitals	Caps Red	#C8102E	ANA	Anaheim Ducks	Ducks Orange	#F47A38
WSH	Washington Capitals	Caps Red	#C8102E	BOS	Boston Bruins	Bruins Gold	#FFB81C
WSH	Washington Capitals	Caps Red	#C8102E	BUF	Buffalo Sabres	Sabres Royal	#003087
WSH	Washington Capitals	Caps Red	#C8102E	CAR	Carolina Hurricanes	Black	#000000
WSH	Washington Capitals	Caps Red	#C8102E	CBJ	Columbus Blue Jackets	Union Blue	#002654
WSH	Washington Capitals	Caps Red	#C8102E	CGY	Calgary Flames	Flames Yellow	#F1BE48
WSH	Washington Capitals	Caps Red	#C8102E	CHI	Chicago Blackhawks	Black	#000000
WSH	Washington Capitals	Caps Red	#C8102E	COL	Colorado Avalanche	Steel Blue	#236192
WSH	Washington Capitals	Caps Red	#C8102E	DAL	Dallas Stars	Victory Green	#006847
WSH	Washington Capitals	Caps Red	#C8102E	DET	Detroit Red Wings	White	#FFFFFF
WSH	Washington Capitals	Caps Red	#C8102E	EDM	Edmonton Oilers	Oilers Navy	#041E42
WSH	Washington Capitals	Caps Red	#C8102E	FLA	Florida Panthers	Panthers Navy	#041E42
WSH	Washington Capitals	Caps Red	#C8102E	LAK	Los Angeles Kings	Kings Black	#111111
WSH	Washington Capitals	Caps Red	#C8102E	MIN	Minnesota Wild	Forest Green	#154734
WSH	Washington Capitals	Caps Red	#C8102E	MTL	Montreal Canadiens	Habs Blue	#192168
WSH	Washington Capitals	Caps Red	#C8102E	NJD	New Jersey Devils	Black	#000000
WSH	Washington Capitals	Caps Red	#C8102E	NSH	Nashville Predators	Preds Gold	#FFB81C
WSH	Washington Capitals	Caps Red	#C8102E	NYI	New York Islanders	Isles Orange	#F47D30
WSH	Washington Capitals	Caps Red	#C8102E	NYR	New York Rangers	Rangers Blue	#0038A8
WSH	Washington Capitals	Caps Red	#C8102E	OTT	Ottawa Senators	Black	#000000
WSH	Washington Capitals	Caps Red	#C8102E	PHI	Philadelphia Flyers	Flyers Orange	#F74902
WSH	Washington Capitals	Caps Red	#C8102E	PIT	Pittsburgh Penguins	Vegas Gold	#FCB514
WSH	Washington Capitals	Caps Red	#C8102E	SEA	Seattle Kraken	Ice Blue	#99D9D9
WSH	Washington Capitals	Caps Red	#C8102E	SJS	San Jose Sharks	Sharks Teal	#006D75
WSH	Washington Capitals	Caps Red	#C8102E	STL	St. Louis Blues	Blues Blue	#002F87
WSH	Washington Capitals	Caps Red	#C8102E	TBL	Tampa Bay Lightning	Bolts Blue	#002868
WSH	Washington Capitals	Caps Red	#C8102E	TOR	Toronto Maple Leafs	Leafs Blue	#00205B
WSH	Washington Capitals	Caps Red	#C8102E	UTA	Utah Mammoth	Mountain Blue	#7AB2E0
WSH	Washington Capitals	Caps Red	#C8102E	VAN	Vancouver Canucks	Canucks Blue	#00205B
WSH	Washington Capitals	Caps Red	#C8102E	VGK	Vegas Golden Knights	Knights Gold	#B4975A
WSH	Washington Capitals	Caps Red	#C8102E	WPG	Winnipeg Jets	Jets Navy	#041E42
